log_file,model,moe,tier,backend,gpu_config,flash_attn,mmap,ubatch,decode_tok_s,prompt_tok_s,ttft_s,bw_gb_s,bw_pct,gpu0_gib,gpu1_gib,avg_watts,peak_watts,peak_ram_gib,ram_total_gib,schema,n,n_failed,errors,observed_gpus,throttled,decode_sd,decode_ci95,prompt_ci95,ttft_ci95,decode_j_per_tok,energy_j,hit_max_frac
2026-09-29_00-25-20_sweep_qwen3.5-9b-q4_single0_dual_dual_tensor.log,qwen3.5-9b-q4  —  Qwen3.5 9B (Q4_K_M),False,pp4096,llamacpp,dual_tensor,on,on,512,98.95840003190023,1854.609747092079,2.2085540000000004,504.43301199093537,37.53221815408745,5.512565612792969,3.1543922424316406,184.75714545454545,251.31779999999998,6.466014862060547,,v2,5,0,,"0,1",False,0.42763175679557236,0.5308898337660758,3.054933113981529,0.003642150190958416,1.9377263734380814,749.259,1.0
2026-09-29_00-25-20_sweep_qwen3.5-9b-q4_single0_dual_dual_tensor.log,qwen3.5-9b-q4  —  Qwen3.5 9B (Q4_K_M),False,pp2048,llamacpp,dual_tensor,on,on,512,100.27449764200638,1792.9616760576896,1.1422446,511.14172071425656,38.03137802933456,5.495890808105469,3.1543922424316406,200.0800695652174,257.92719999999997,7.936982727050781,,v2,5,0,,"0,1",False,0.35624756852278355,0.44226886667596405,1.5483255587384208,0.0009860684926811818,1.928201815165211,580.6442,1.0
2026-09-29_00-25-20_sweep_qwen3.5-9b-q4_single0_dual_dual_tensor.log,qwen3.5-9b-q4  —  Qwen3.5 9B (Q4_K_M),False,pp512,llamacpp,dual_tensor,on,on,512,101.04154036615485,1606.1731828560341,0.3188066,515.0516633926266,38.32229638337996,5.493473815917969,3.1543922424316406,230.4105866666667,255.81080000000003,8.87918930053711,,v2,5,0,,"0,1",False,0.35446355912556177,0.4400540815547062,23.661184631783318,0.004772269518903169,2.226413498272584,409.85920000000004,1.0
2026-09-29_00-25-20_sweep_qwen3.5-9b-q4_single0_dual_dual_tensor.log,qwen3.5-9b-q4  —  Qwen3.5 9B (Q4_K_M),False,pp8192,llamacpp,dual_tensor,on,on,512,97.11374198869133,1879.8432849757373,4.3578156,495.0300061568758,36.832589743815156,5.500627136230468,3.1543922424316406,184.18222592592593,261.8598,10.486918640136718,,v2,5,0,,"0,1",False,0.5672472178172024,0.7042175338610437,2.9364755817644865,0.006818456419196932,2.1048989110157477,1162.2646,1.0
2026-09-29_00-25-20_sweep_qwen3.5-9b-q4_single0_dual_dual_tensor.log,qwen3.5-9b-q4  —  Qwen3.5 9B (Q4_K_M),False,pp512,llamacpp,dual,on,on,512,67.5520387942219,2456.3694073041925,0.20844199999999996,344.34144432522453,51.241286357920316,5.2365264892578125,3.4161109924316406,181.94313,191.97279999999998,5.823560333251953,,v2,5,0,,"0,1",False,0.33925924584608486,0.42117845966461454,15.490131682492889,0.0013123784787775251,2.719015699606392,463.56239999999997,1.0
2026-09-29_00-25-20_sweep_qwen3.5-9b-q4_single0_dual_dual_tensor.log,qwen3.5-9b-q4  —  Qwen3.5 9B (Q4_K_M),False,pp8192,llamacpp,dual,on,on,512,65.05878762859318,4420.682242555016,1.8531144000000002,331.6322837615677,49.35004222642375,5.2305145263671875,3.4161109924316406,238.0096424924925,318.40500000000003,7.436002349853515,,v2,5,0,,"0,1",False,0.20669295900994217,0.25660206218469195,11.721723859448334,0.0049178104658195035,3.477277568437239,972.4058000000001,1.0
2026-09-29_00-25-20_sweep_qwen3.5-9b-q4_single0_dual_dual_tensor.log,qwen3.5-9b-q4  —  Qwen3.5 9B (Q4_K_M),False,pp4096,llamacpp,dual,on,on,512,66.67589949278664,4065.706269962401,1.0074546,339.8753900377244,50.576694946089944,5.2296600341796875,3.4161109924316406,221.1534357142857,267.4896,9.46566162109375,,v2,5,0,,"0,1",False,0.07990378502504492,0.09919774777041435,10.611492382159021,0.002629597499974917,3.377401156012881,714.3217999999999,1.0
2026-09-29_00-25-20_sweep_qwen3.5-9b-q4_single0_dual_dual_tensor.log,qwen3.5-9b-q4  —  Qwen3.5 9B (Q4_K_M),False,pp2048,llamacpp,dual,on,on,512,67.33838883404204,3429.4080494527616,0.5971922000000001,343.2523796991743,51.079223169519985,5.226449584960937,3.4161109924316406,205.0536666666667,221.3212,10.931964111328124,,v2,5,0,,"0,1",False,0.10665926640792193,0.1324137398897208,13.192785725614787,0.0022981885854714366,3.0812328958792037,569.4504,1.0
2026-09-29_00-25-20_sweep_qwen3.5-9b-q4_single0_dual_dual_tensor.log,qwen3.5-9b-q4  —  Qwen3.5 9B (Q4_K_M),False,pp4096,llamacpp,single0,on,on,512,67.79290573235383,2881.7045602773446,1.4213878,345.56924545228156,51.42399485897047,8.038468933105468,0.2548828125,176.96414193548387,185.31480000000002,6.23248291015625,,v2,5,0,,0,False,0.12185388424457788,0.15127732522746168,8.768494442684736,0.004329473967359016,2.6491300890626737,665.637,1.0
2026-09-29_00-25-20_sweep_qwen3.5-9b-q4_single0_dual_dual_tensor.log,qwen3.5-9b-q4  —  Qwen3.5 9B (Q4_K_M),False,pp512,llamacpp,single0,on,on,512,69.52364328471423,2599.9960292554374,0.19696039999999998,354.3915501401255,52.73683781847105,8.038615417480468,0.2548828125,173.5010142105263,179.4488,7.3744255065917965,,v2,5,0,,0,False,0.2221475971760676,0.2757884536454445,49.350725148531666,0.003757745768313666,2.4966299079709584,432.5162,1.0
2026-09-29_00-25-20_sweep_qwen3.5-9b-q4_single0_dual_dual_tensor.log,qwen3.5-9b-q4  —  Qwen3.5 9B (Q4_K_M),False,pp2048,llamacpp,single0,on,on,512,68.99891520300717,2819.2969649085344,0.7264714,351.71678815280166,52.338807760833575,8.033744812011719,0.2548828125,177.71231966666667,181.5232,8.414635467529298,,v2,5,0,,0,False,0.1898627825758655,0.23570798818912567,31.99567311144532,0.00834626643251907,2.5902633491617126,505.2604,1.0
2026-09-29_00-25-20_sweep_qwen3.5-9b-q4_single0_dual_dual_tensor.log,qwen3.5-9b-q4  —  Qwen3.5 9B (Q4_K_M),False,pp8192,llamacpp,single0,on,on,512,66.47470231171242,2845.028791985872,2.8794104,338.84980251791166,50.42407775564161,8.026579284667969,0.2548828125,180.43457333333333,185.7788,10.257555389404297,,v2,5,0,,0,False,0.3000680062005445,0.3725239096461189,3.2330019267078467,0.0032726469450199682,2.7398954095936134,934.0806,1.0
