session,started_at,unit_order,model_id,model_name,moe,gguf_file,backend,gpu_config,tier,rep,flash_attn,mmap,mtp_n,ignore_eos,cache_prompt,max_tokens,n_ctx,ubatch,batch,ok,error,error_phase,load_time_s,prompt_n,cached_n,n_generated,decode_tok_s,prefill_tok_s,ttft_s,wall_s,energy_j,decode_watts,decode_j_per_tok,avg_watts,peak_watts,power_gpus,throttle,start_temps,peak_rss_mib,observed_gpus,ollama_vram_frac,active_bytes,bw_gb_s,bw_pct,gpu0_vram_mib,gpu0_vram_delta_mib,gpu0_energy_j,gpu0_temp_max_c,gpu0_sm_clk_mhz,gpu0_pcie_gen,gpu0_pcie_width,gpu0_pcie_rx_mbs,gpu0_pcie_tx_mbs,gpu1_vram_mib,gpu1_vram_delta_mib,gpu1_energy_j,gpu1_temp_max_c,gpu1_sm_clk_mhz,gpu1_pcie_gen,gpu1_pcie_width,gpu1_pcie_rx_mbs,gpu1_pcie_tx_mbs
2026-09-29_00-15-40_sweep_qwen3.5-9b-q4_single0_dual_dual_tensor,2026-09-29T00:16:04,1,qwen3.5-9b-q4,Qwen3.5 9B (Q4_K_M),False,Qwen3.5-9B-Q4_K_M.gguf,llamacpp,single0,pp4096,1,on,on,0,on,off,128,8448,1024,2048,True,,,3.0825765000190586,4096,0,128,68.26063307168549,2891.1240515263808,1.41675,3.3734416000079364,682.6850000000001,175.78723529411766,2.5752359359092174,173.87596774193548,185.471,"0,1",,0:71;1:35,5858.71875,0,,5097424896,347.95345043633057,51.7787872673111,8364.3359375,5676.28515625,641.869,71,2791.935483870968,5,8,204.44585503472223,127.1201171875,261.0,0.0,40.816,35,180.0,1,2,0.4421115451388889,0.2652994791666667
2026-09-29_00-15-40_sweep_qwen3.5-9b-q4_single0_dual_dual_tensor,2026-09-29T00:16:07,1,qwen3.5-9b-q4,Qwen3.5 9B (Q4_K_M),False,Qwen3.5-9B-Q4_K_M.gguf,llamacpp,single0,pp4096,2,on,on,0,on,off,128,8448,1024,2048,True,,,3.0825765000190586,4096,0,128,68.15787510579229,2901.2916272661914,1.411785,3.347772399894893,645.8199999999999,177.02729411764705,2.5973123992329783,174.0371935483871,185.09900000000002,"0,1",,0:63;1:35,6145.40625,0,,5097424896,347.4296494227242,51.70084068790539,8357.5859375,5669.53515625,615.608,69,2801.1290322580644,5,8,173.94818793402777,557.6299370659722,261.0,0.0,30.212,35,180.0,1,2,0.2920464409722222,0.2667100694444444
2026-09-29_00-15-40_sweep_qwen3.5-9b-q4_single0_dual_dual_tensor,2026-09-29T00:16:10,1,qwen3.5-9b-q4,Qwen3.5 9B (Q4_K_M),False,Qwen3.5-9B-Q4_K_M.gguf,llamacpp,single0,pp4096,3,on,on,0,on,off,128,8448,1024,2048,True,,,3.0825765000190586,4096,0,128,68.19780585641945,2891.5730694019894,1.41653,3.480281699914485,659.292,176.967125,2.5949093636909453,174.2049677419355,185.022,"0,1",,0:64;1:35,6433.19921875,0,,5097424896,347.6331934250871,51.73112997397129,8356.0859375,5668.03515625,606.634,71,2800.516129032258,5,8,186.72517475328948,122.92603824013158,261.0,0.0,52.658,35,177.67741935483872,1,2,0.3404605263157895,0.08958675986842106
2026-09-29_00-15-40_sweep_qwen3.5-9b-q4_single0_dual_dual_tensor,2026-09-29T00:16:14,1,qwen3.5-9b-q4,Qwen3.5 9B (Q4_K_M),False,Qwen3.5-9B-Q4_K_M.gguf,llamacpp,single0,pp4096,4,on,on,0,on,off,128,8448,1024,2048,True,,,3.0825765000190586,4096,0,128,68.18338000584122,2894.041073338788,1.415322,3.3440926000475883,637.2230000000001,177.7985294117647,2.6076520318666048,171.10125806451614,185.163,"0,1",,0:66;1:35,6716.21875,0,,5097424896,347.55965873520364,51.72018731178626,8353.3984375,5665.34765625,591.879,71,2796.548387096774,5,8,168.19297960069446,580.5544704861111,261.0,0.0,45.344,35,180.0,1,2,0.2509223090277778,0.4694010416666667
2026-09-29_00-15-40_sweep_qwen3.5-9b-q4_single0_dual_dual_tensor,2026-09-29T00:16:17,1,qwen3.5-9b-q4,Qwen3.5 9B (Q4_K_M),False,Qwen3.5-9B-Q4_K_M.gguf,llamacpp,single0,pp4096,5,on,on,0,on,off,128,8448,1024,2048,True,,,3.0825765000190586,4096,0,128,68.43900333411113,2884.754887391734,1.419878,3.356158399954438,662.817,178.3675294117647,2.6062262850467808,175.59935483870967,183.713,"0,1",,0:67;1:35,6999.13671875,0,,5097424896,348.8626794527251,51.914089204274575,8353.9609375,5665.91015625,640.64,72,2789.6774193548385,5,8,289.2900390625,182.85970052083334,261.0,0.0,22.177,35,180.0,1,2,0.17930772569444445,0.3043077256944444
2026-09-29_00-15-40_sweep_qwen3.5-9b-q4_single0_dual_dual_tensor,2026-09-29T00:16:22,1,qwen3.5-9b-q4,Qwen3.5 9B (Q4_K_M),False,Qwen3.5-9B-Q4_K_M.gguf,llamacpp,single0,pp2048,1,on,on,0,on,off,128,8448,1024,2048,True,,,3.0825765000190586,2048,0,128,69.23576796095757,2831.7644325962633,0.7232240000000001,2.5958849999587983,520.452,177.517125,2.5639511227795273,176.33862499999998,179.78,"0,1",,0:72;1:35,7497.76953125,0,,5097424896,352.9241272978643,52.518471324086946,8353.5859375,5665.53515625,471.398,72,2805.0833333333335,5,8,212.0087890625,586.9621930803571,261.0,0.0,49.054,35,180.0,1,2,0.3119419642857143,0.16852678571428573
2026-09-29_00-15-40_sweep_qwen3.5-9b-q4_single0_dual_dual_tensor,2026-09-29T00:16:24,1,qwen3.5-9b-q4,Qwen3.5 9B (Q4_K_M),False,Qwen3.5-9B-Q4_K_M.gguf,llamacpp,single0,pp2048,2,on,on,0,on,off,128,8448,1024,2048,True,,,3.0825765000190586,2048,0,128,69.45014081426189,2833.362847529662,0.722816,2.6137701000552624,512.573,175.1228125,2.5215616620324806,173.96029166666665,178.244,"0,1",,0:68;1:35,7716.578125,0,,5097424896,354.0168768173242,52.68108285972086,8353.2109375,5665.16015625,463.845,73,2799.5833333333335,5,8,87.24825613839286,797.0726143973214,261.0,0.0,48.728,35,178.0,1,2,0.29610770089285715,0.019670758928571428
2026-09-29_00-15-40_sweep_qwen3.5-9b-q4_single0_dual_dual_tensor,2026-09-29T00:16:27,1,qwen3.5-9b-q4,Qwen3.5 9B (Q4_K_M),False,Qwen3.5-9B-Q4_K_M.gguf,llamacpp,single0,pp2048,3,on,on,0,on,off,128,8448,1024,2048,True,,,3.0825765000190586,2048,0,128,69.44068535222557,2840.786931270434,0.720927,2.5958184998016804,468.0,176.0914375,2.5358539681284453,175.6805416666667,178.047,"0,1",,0:69;1:35,7935.41015625,0,,5097424896,353.96867830973713,52.6739104627585,8353.3984375,5665.34765625,455.539,72,2789.5833333333335,5,8,203.78215680803572,603.3892996651786,261.0,0.0,12.461,35,179.0,1,2,0.3427036830357143,0.24065290178571427
2026-09-29_00-15-40_sweep_qwen3.5-9b-q4_single0_dual_dual_tensor,2026-09-29T00:16:29,1,qwen3.5-9b-q4,Qwen3.5 9B (Q4_K_M),False,Qwen3.5-9B-Q4_K_M.gguf,llamacpp,single0,pp2048,4,on,on,0,on,off,128,8448,1024,2048,True,,,3.0825765000190586,2048,0,128,69.31534991152742,2833.417727123057,0.7228020000000001,2.7404949001502246,555.994,175.97456250000002,2.5387531437785436,174.92652,179.99200000000002,"0,1",,0:69;1:35,8154.27734375,0,,5097424896,353.3297903139713,52.57883784434097,8353.2109375,5665.16015625,542.854,74,2789.32,5,8,162.35078125,767.6217447916666,261.0,0.0,13.14,35,180.0,1,2,0.20208333333333334,0.342578125
2026-09-29_00-15-40_sweep_qwen3.5-9b-q4_single0_dual_dual_tensor,2026-09-29T00:16:32,1,qwen3.5-9b-q4,Qwen3.5 9B (Q4_K_M),False,Qwen3.5-9B-Q4_K_M.gguf,llamacpp,single0,pp2048,5,on,on,0,on,off,128,8448,1024,2048,True,,,3.0825765000190586,2048,0,128,69.39139918194643,2833.264853543172,0.722841,2.7439222999382764,504.692,172.365625,2.483962379084646,166.28932,177.43200000000002,"0,1",,0:70;1:35,8373.13671875,0,,5097424896,353.7174457583277,52.63652466641781,8347.7109375,5659.66015625,472.603,73,2800.4,5,8,121.21009114583333,395.425390625,261.0,0.0,32.089,35,180.0,1,2,0.222265625,0.2712890625
2026-09-29_00-15-40_sweep_qwen3.5-9b-q4_single0_dual_dual_tensor,2026-09-29T00:16:35,1,qwen3.5-9b-q4,Qwen3.5 9B (Q4_K_M),False,Qwen3.5-9B-Q4_K_M.gguf,llamacpp,single0,pp512,1,on,on,0,on,off,128,8448,1024,2048,True,,,3.0825765000190586,512,0,128,69.73435603067652,2578.5526865799425,0.19856100000000002,2.0488259999547154,439.98600000000005,166.7903125,2.391795407512303,164.95363157894738,176.36499999999998,"0,1",,0:69;1:35,8669.14453125,0,,5097424896,355.4656425372982,52.89667299662175,8351.7109375,5663.66015625,405.535,70,2788.684210526316,5,8,103.78275923295455,189.2023259943182,261.0,0.0,34.451,35,180.0,1,2,0.4422940340909091,0.2159090909090909
2026-09-29_00-15-40_sweep_qwen3.5-9b-q4_single0_dual_dual_tensor,2026-09-29T00:16:37,1,qwen3.5-9b-q4,Qwen3.5 9B (Q4_K_M),False,Qwen3.5-9B-Q4_K_M.gguf,llamacpp,single0,pp512,2,on,on,0,on,off,128,8448,1024,2048,True,,,3.0825765000190586,512,0,128,69.73244156339037,2657.7383269744864,0.192645,2.045315399998799,406.608,174.550125,2.5031408779990154,174.8366842105263,176.60299999999998,"0,1",,0:70;1:35,8789.6875,0,,5097424896,355.4558836840912,52.895220786323094,8351.1484375,5663.09765625,393.234,70,2797.0,5,8,113.2645596590909,331.94975142045456,261.0,0.0,13.374,35,180.0,1,2,0.07839133522727272,0.3869850852272727
2026-09-29_00-15-40_sweep_qwen3.5-9b-q4_single0_dual_dual_tensor,2026-09-29T00:16:39,1,qwen3.5-9b-q4,Qwen3.5 9B (Q4_K_M),False,Qwen3.5-9B-Q4_K_M.gguf,llamacpp,single0,pp512,3,on,on,0,on,off,128,8448,1024,2048,True,,,3.0825765000190586,512,0,128,69.46032065509286,2634.0293961796287,0.194379,2.187241399893537,457.682,173.13806666666667,2.4926183040010503,173.5802105263158,176.60299999999998,"0,1",,0:70;1:35,8910.2109375,0,,5097424896,354.06876779141334,52.68880473086508,8351.7109375,5663.66015625,423.397,70,2798.9473684210525,5,8,137.80818684895834,581.3573404947916,261.0,0.0,34.285,35,180.0,1,2,0.234619140625,0.17960611979166666
2026-09-29_00-15-40_sweep_qwen3.5-9b-q4_single0_dual_dual_tensor,2026-09-29T00:16:42,1,qwen3.5-9b-q4,Qwen3.5 9B (Q4_K_M),False,Qwen3.5-9B-Q4_K_M.gguf,llamacpp,single0,pp512,4,on,on,0,on,off,128,8448,1024,2048,True,,,3.0825765000190586,512,0,128,69.0316436706136,2611.338923230716,0.19606800000000002,2.181096299784258,408.623,164.78,2.3870212447244095,164.01557894736843,175.972,"0,1",,0:70;1:35,9030.72265625,0,,5097424896,351.8836190583866,52.36363378845039,8358.3984375,5670.34765625,378.707,72,2810.7894736842104,5,8,128.13419596354166,296.3260904947917,261.0,0.0,29.916,35,180.0,1,2,0.2158203125,0.19051106770833334
2026-09-29_00-15-40_sweep_qwen3.5-9b-q4_single0_dual_dual_tensor,2026-09-29T00:16:44,1,qwen3.5-9b-q4,Qwen3.5 9B (Q4_K_M),False,Qwen3.5-9B-Q4_K_M.gguf,llamacpp,single0,pp512,5,on,on,0,on,off,128,8448,1024,2048,True,,,3.0825765000190586,512,0,128,69.96674651323198,2636.321507646362,0.19421000000000002,2.1770871998742223,412.592,163.46959999999999,2.3363899015811023,165.83626315789473,177.316,"0,1",,0:67;1:35,9151.34765625,0,,5097424896,356.65023556866987,53.07295172152825,8357.8984375,5669.84765625,389.536,70,2797.1052631578946,5,8,80.763916015625,573.0360514322916,261.0,0.0,23.056,35,180.0,1,2,0.21232096354166666,0.028401692708333332
2026-09-29_00-15-40_sweep_qwen3.5-9b-q4_single0_dual_dual_tensor,2026-09-29T00:16:49,1,qwen3.5-9b-q4,Qwen3.5 9B (Q4_K_M),False,Qwen3.5-9B-Q4_K_M.gguf,llamacpp,single0,pp8192,1,on,on,0,on,off,128,8448,1024,2048,True,,,3.0825765000190586,8192,0,128,66.99665597006147,2870.165311291361,2.8541909999999997,4.995951999910176,913.073,180.10006249999998,2.6881948045359247,178.9695111111111,184.826,"0,1",,0:75;1:35,9731.2265625,0,,5097424896,341.5104220905383,50.82000328728249,8355.4296875,5667.37890625,878.62,76,2761.6444444444446,5,8,239.83702256944446,87.73951099537037,261.0,0.0,34.453,35,180.0,1,2,0.2764756944444444,0.1491970486111111
2026-09-29_00-15-40_sweep_qwen3.5-9b-q4_single0_dual_dual_tensor,2026-09-29T00:16:54,1,qwen3.5-9b-q4,Qwen3.5 9B (Q4_K_M),False,Qwen3.5-9B-Q4_K_M.gguf,llamacpp,single0,pp8192,2,on,on,0,on,off,128,8448,1024,2048,True,,,3.0825765000190586,8192,0,128,66.98086140552218,2869.0244126239877,2.855326,4.85905920015648,900.26,180.54076470588237,2.6954082243408988,175.2642888888889,184.832,"0,1",,0:72;1:35,10142.296875,0,,5097424896,341.4299104840343,50.808022393457485,8361.3671875,5673.31640625,866.6,76,2763.688888888889,5,8,191.90174278846155,104.13408954326923,261.0,0.0,33.66,35,180.0,1,2,0.22772686298076922,0.3425105168269231
2026-09-29_00-15-40_sweep_qwen3.5-9b-q4_single0_dual_dual_tensor,2026-09-29T00:16:59,1,qwen3.5-9b-q4,Qwen3.5 9B (Q4_K_M),False,Qwen3.5-9B-Q4_K_M.gguf,llamacpp,single0,pp8192,3,on,on,0,on,off,128,8448,1024,2048,True,,,3.0825765000190586,8192,0,128,66.8575176803916,2868.4658539813618,2.8558820000000003,4.872720899991691,923.572,180.61535294117647,2.701496543808244,179.26915555555556,185.684,"0,1",,0:72;1:35,10552.23046875,0,,5097424896,340.80117510878824,50.71446058166492,8360.6171875,5672.56640625,889.665,76,2767.733333333333,5,8,223.90985576923077,116.34908353365384,261.0,0.0,33.907,35,180.0,1,2,0.31456580528846156,0.3561823918269231
2026-09-29_00-15-40_sweep_qwen3.5-9b-q4_single0_dual_dual_tensor,2026-09-29T00:17:04,1,qwen3.5-9b-q4,Qwen3.5 9B (Q4_K_M),False,Qwen3.5-9B-Q4_K_M.gguf,llamacpp,single0,pp8192,4,on,on,0,on,off,128,8448,1024,2048,True,,,3.0825765000190586,8192,0,128,66.97139530419778,2868.4538011564855,2.8558939999999997,4.84801570000127,907.446,180.61005882352939,2.6968238903066233,179.61304444444443,185.184,"0,1",,0:72;1:35,10963.234375,0,,5097424896,341.3816577434753,50.8008419261124,8351.3046875,5663.25390625,857.71,76,2764.1111111111113,5,8,183.24522986778845,94.45248647836539,261.0,0.0,49.736,35,180.0,1,2,0.22701322115384615,0.5225736177884616
2026-09-29_00-15-40_sweep_qwen3.5-9b-q4_single0_dual_dual_tensor,2026-09-29T00:17:09,1,qwen3.5-9b-q4,Qwen3.5 9B (Q4_K_M),False,Qwen3.5-9B-Q4_K_M.gguf,llamacpp,single0,pp8192,5,on,on,0,on,off,128,8448,1024,2048,True,,,3.0825765000190586,8192,0,128,66.99838781832148,2867.9105248325272,2.856435,5.003011900000274,956.779,180.537625,2.6946562578425195,178.25004444444443,185.128,"0,1",,0:72;1:34,11374.44140625,0,,5097424896,341.519250056975,50.821316972764144,8351.3046875,5663.25390625,927.104,76,2760.777777777778,5,8,182.48328993055554,112.7921730324074,261.0,0.0,29.675,34,180.0,1,2,0.3922526041666667,0.14500144675925927
2026-09-29_00-15-40_sweep_qwen3.5-9b-q4_single0_dual_dual_tensor,2026-09-29T00:17:41,2,qwen3.5-9b-q4,Qwen3.5 9B (Q4_K_M),False,Qwen3.5-9B-Q4_K_M.gguf,llamacpp,dual_tensor,pp8192,1,on,on,0,on,off,128,8448,1024,2048,True,,,3.081793899880722,8192,0,128,97.38897848163681,1897.51035153047,4.317236,5.778097500093281,1084.7330000000002,199.05591666666666,2.0439265281358265,169.27407407407406,248.13299999999998,"0,1",,0:57;1:44,6227.2109375,"0,1",,5097424896,496.4330035083037,36.936979427701175,5746.6171875,3085.28515625,592.171,61,2837.037037037037,5,8,1504.8915070564517,1453.7427545362902,3338.09765625,3077.09765625,492.562,50,2783.1111111111113,4,2,1391.2586945564517,1589.3572643649193
2026-09-29_00-15-40_sweep_qwen3.5-9b-q4_single0_dual_dual_tensor,2026-09-29T00:17:47,2,qwen3.5-9b-q4,Qwen3.5 9B (Q4_K_M),False,Qwen3.5-9B-Q4_K_M.gguf,llamacpp,dual_tensor,pp8192,2,on,on,0,on,off,128,8448,1024,2048,True,,,3.081793899880722,8192,0,128,97.2326962167294,1898.208125823022,4.3156490000000005,5.7824452999047935,1072.398,193.92754545454545,1.9944684555726555,179.91096226415095,252.913,"0,1",,0:61;1:50,6641.34375,"0,1",,5097424896,495.6363664003614,36.877705833360224,5742.8046875,3081.47265625,578.228,61,2835.7169811320755,5,8,1437.8571383568549,1469.7093939012098,3338.09765625,3077.09765625,494.17,52,2786.6603773584907,4,2,1390.6724420362902,1643.7250504032259
2026-09-29_00-15-40_sweep_qwen3.5-9b-q4_single0_dual_dual_tensor,2026-09-29T00:17:52,2,qwen3.5-9b-q4,Qwen3.5 9B (Q4_K_M),False,Qwen3.5-9B-Q4_K_M.gguf,llamacpp,dual_tensor,pp8192,3,on,on,0,on,off,128,8448,1024,2048,True,,,3.081793899880722,8192,0,128,98.3863095837562,1897.6879341146469,4.316832000000001,5.7977972000371665,1103.474,198.42416666666668,2.016786354790026,181.5760185185185,252.913,"0,1",,0:61;1:52,7055.4140625,"0,1",,5097424896,501.5168238978022,37.31523987334838,5750.4296875,3089.09765625,603.704,62,2834.296296296296,5,8,1470.853515625,1486.8963583669354,3338.09765625,3077.09765625,499.77,54,2782.296296296296,4,2,1365.3685735887098,1611.0994833669354
2026-09-29_00-15-40_sweep_qwen3.5-9b-q4_single0_dual_dual_tensor,2026-09-29T00:17:58,2,qwen3.5-9b-q4,Qwen3.5 9B (Q4_K_M),False,Qwen3.5-9B-Q4_K_M.gguf,llamacpp,dual_tensor,pp8192,4,on,on,0,on,off,128,8448,1024,2048,True,,,3.081793899880722,8192,0,128,98.06669616389338,1899.6025721620572,4.312481,5.765215000137687,1099.013,196.97708333333333,2.008603236761811,183.1906037735849,262.517,"0,1",,0:62;1:54,7466.625,"0,1",,5097424896,499.8876184942978,37.19401923320668,5749.6796875,3088.34765625,605.92,63,2830.8490566037735,5,8,1517.334236391129,1521.4149445564517,3338.09765625,3077.09765625,493.093,55,2780.566037735849,4,2,1397.4025327620968,1642.3056640625
2026-09-29_00-15-40_sweep_qwen3.5-9b-q4_single0_dual_dual_tensor,2026-09-29T00:18:04,2,qwen3.5-9b-q4,Qwen3.5 9B (Q4_K_M),False,Qwen3.5-9B-Q4_K_M.gguf,llamacpp,dual_tensor,pp8192,5,on,on,0,on,off,128,8448,1024,2048,True,,,3.081793899880722,8192,0,128,97.52943353829873,1896.179979700319,4.320265,5.773156499955803,1141.917,196.32941666666667,2.013027345120079,182.9026037735849,251.10899999999998,"0,1",,0:63;1:55,7877.81640625,"0,1",,5097424896,497.1489626109013,36.99025019426349,5740.6796875,3079.34765625,630.407,63,2831.867924528302,5,8,1511.651839717742,1511.714087701613,3338.09765625,3077.09765625,511.51,57,2776.9811320754716,4,2,1394.235099546371,1573.9569367439517
2026-09-29_00-15-40_sweep_qwen3.5-9b-q4_single0_dual_dual_tensor,2026-09-29T00:18:10,2,qwen3.5-9b-q4,Qwen3.5 9B (Q4_K_M),False,Qwen3.5-9B-Q4_K_M.gguf,llamacpp,dual_tensor,pp512,1,on,on,0,on,off,128,8448,1024,2048,True,,,3.081793899880722,512,0,128,100.25869902101722,1622.3324197151412,0.315595,1.6198156999889761,450.807,195.74054545454547,1.9523547319670724,197.65566666666666,240.005,"0,1",,0:58;1:52,8355.57421875,"0,1",,5097424896,511.06118843030396,38.02538604392143,5740.6796875,3079.34765625,254.848,63,2823.133333333333,5,8,513.1000434027778,628.2799479166666,3338.09765625,3077.09765625,195.959,57,2776.4,4,2,551.9697265625,640.3509114583334
2026-09-29_00-15-40_sweep_qwen3.5-9b-q4_single0_dual_dual_tensor,2026-09-29T00:18:12,2,qwen3.5-9b-q4,Qwen3.5 9B (Q4_K_M),False,Qwen3.5-9B-Q4_K_M.gguf,llamacpp,dual_tensor,pp512,2,on,on,0,on,off,128,8448,1024,2048,True,,,3.081793899880722,512,0,128,102.20217521637488,1624.1645227906447,0.315239,1.6207657000049949,455.319,224.86654545454547,2.2002129111095203,229.31613333333334,245.926,"0,1",,0:63;1:57,8476.12890625,"0,1",,5097424896,520.9679123733035,38.762493480156515,5740.6796875,3079.34765625,270.583,63,2818.133333333333,5,8,508.26475694444446,623.5595703125,3338.09765625,3077.09765625,184.736,58,2771.8,4,2,473.9216579861111,622.4650607638889
2026-09-29_00-15-40_sweep_qwen3.5-9b-q4_single0_dual_dual_tensor,2026-09-29T00:18:14,2,qwen3.5-9b-q4,Qwen3.5 9B (Q4_K_M),False,Qwen3.5-9B-Q4_K_M.gguf,llamacpp,dual_tensor,pp512,3,on,on,0,on,off,128,8448,1024,2048,True,,,3.081793899880722,512,0,128,101.8794757779541,1627.137604357678,0.314663,1.623997500166297,454.795,230.1691818181818,2.2592301350257693,236.67553333333333,258.834,"0,1",,0:63;1:58,8596.6953125,"0,1",,5097424896,519.3229762219721,38.64010239746816,5739.9296875,3078.59765625,266.608,63,2816.8,5,8,514.7124565972222,639.44140625,3338.09765625,3077.09765625,188.187,59,2771.8,4,2,537.2111545138889,601.3452690972222
2026-09-29_00-15-40_sweep_qwen3.5-9b-q4_single0_dual_dual_tensor,2026-09-29T00:18:15,2,qwen3.5-9b-q4,Qwen3.5 9B (Q4_K_M),False,Qwen3.5-9B-Q4_K_M.gguf,llamacpp,dual_tensor,pp512,4,on,on,0,on,off,128,8448,1024,2048,True,,,3.081793899880722,512,0,128,101.83977155815651,1624.8294246453618,0.31511,1.6154384000692517,406.3,223.7107272727273,2.1966931371696496,233.20286666666664,264.46299999999997,"0,1",,0:63;1:59,8717.234375,"0,1",,5097424896,519.1205869434997,38.625043671391346,5740.3046875,3078.97265625,222.568,64,2814.6666666666665,5,8,504.82335069444446,668.7042100694445,3338.09765625,3077.09765625,183.732,59,2769.133333333333,4,2,529.9557291666666,639.0415581597222
2026-09-29_00-15-40_sweep_qwen3.5-9b-q4_single0_dual_dual_tensor,2026-09-29T00:18:17,2,qwen3.5-9b-q4,Qwen3.5 9B (Q4_K_M),False,Qwen3.5-9B-Q4_K_M.gguf,llamacpp,dual_tensor,pp512,5,on,on,0,on,off,128,8448,1024,2048,True,,,3.081793899880722,512,0,128,101.72239238251464,1628.167294189478,0.314464,1.6184925001580268,419.342,227.7999090909091,2.2394273645697926,235.08873333333335,256.729,"0,1",,0:64;1:59,8837.828125,"0,1",,5097424896,518.5222554113109,38.58052495619872,5740.1171875,3078.78515625,222.421,64,2817.0,5,8,477.9560546875,612.8860677083334,3338.09765625,3077.09765625,196.921,59,2769.133333333333,4,2,530.2828776041666,629.3707682291666
2026-09-29_00-15-40_sweep_qwen3.5-9b-q4_single0_dual_dual_tensor,2026-09-29T00:18:21,2,qwen3.5-9b-q4,Qwen3.5 9B (Q4_K_M),False,Qwen3.5-9B-Q4_K_M.gguf,llamacpp,dual_tensor,pp4096,1,on,on,0,on,off,128,8448,1024,2048,True,,,3.081793899880722,4096,0,128,98.80023836529949,1873.382058341947,2.18642,3.6745990000199527,737.46,200.97266666666667,2.0341313947401574,177.61185294117647,250.40300000000002,"0,1",,0:59;1:55,9288.23828125,"0,1",,5097424896,503.62679477401196,37.47223175401875,5748.4921875,3087.16015625,396.882,64,2827.0588235294117,5,8,1211.162841796875,1195.764111328125,3338.09765625,3077.09765625,340.578,60,2773.0882352941176,4,2,1157.54853515625,1306.4349609375
2026-09-29_00-15-40_sweep_qwen3.5-9b-q4_single0_dual_dual_tensor,2026-09-29T00:18:25,2,qwen3.5-9b-q4,Qwen3.5 9B (Q4_K_M),False,Qwen3.5-9B-Q4_K_M.gguf,llamacpp,dual_tensor,pp4096,2,on,on,0,on,off,128,8448,1024,2048,True,,,3.081793899880722,4096,0,128,99.11955300983938,1872.7079787144062,2.187207,3.6971297001000494,749.702,203.5353,2.0534323836165354,193.42533333333333,250.40300000000002,"0,1",,0:64;1:60,9571.16015625,"0,1",,5097424896,505.25447719274695,37.59333907684129,5747.1171875,3085.78515625,401.879,64,2824.7272727272725,5,8,1117.32021484375,1161.111767578125,3338.09765625,3077.09765625,347.823,60,2771.5151515151515,4,2,1056.032373046875,1297.124365234375
2026-09-29_00-15-40_sweep_qwen3.5-9b-q4_single0_dual_dual_tensor,2026-09-29T00:18:28,2,qwen3.5-9b-q4,Qwen3.5 9B (Q4_K_M),False,Qwen3.5-9B-Q4_K_M.gguf,llamacpp,dual_tensor,pp4096,3,on,on,0,on,off,128,8448,1024,2048,True,,,3.081793899880722,4096,0,128,99.7398125991017,1872.9229120293228,2.1869560000000003,3.548489000182599,733.9929999999999,196.70241666666666,1.9721554667171919,193.83621212121213,261.19100000000003,"0,1",,0:64;1:60,9854.0390625,"0,1",,5097424896,508.4162038650354,37.82858659710085,5748.7421875,3087.41015625,394.187,65,2823.787878787879,5,8,1264.1939761513158,1355.5157277960527,3338.09765625,3077.09765625,339.806,61,2773.212121212121,4,2,1180.1821546052631,1284.419253700658
2026-09-29_00-15-40_sweep_qwen3.5-9b-q4_single0_dual_dual_tensor,2026-09-29T00:18:32,2,qwen3.5-9b-q4,Qwen3.5 9B (Q4_K_M),False,Qwen3.5-9B-Q4_K_M.gguf,llamacpp,dual_tensor,pp4096,4,on,on,0,on,off,128,8448,1024,2048,True,,,3.081793899880722,4096,0,128,99.7163188503886,1873.317798577175,2.186495,3.6967422999441624,792.6859999999999,201.923,2.024974470858268,197.727,263.62199999999996,"0,1",,0:65;1:61,10136.8828125,"0,1",,5097424896,508.29644624544494,37.819676059928945,5753.8671875,3092.53515625,438.834,65,2823.3333333333335,5,8,1261.059912109375,1184.31474609375,3338.09765625,3077.09765625,353.852,61,2772.5757575757575,4,2,1044.208642578125,1319.241650390625
2026-09-29_00-15-40_sweep_qwen3.5-9b-q4_single0_dual_dual_tensor,2026-09-29T00:18:35,2,qwen3.5-9b-q4,Qwen3.5 9B (Q4_K_M),False,Qwen3.5-9B-Q4_K_M.gguf,llamacpp,dual_tensor,pp4096,5,on,on,0,on,off,128,8448,1024,2048,True,,,3.081793899880722,4096,0,128,99.09743306436573,1872.6591760299625,2.1872640000000003,3.6835067998617887,782.268,201.06127272727272,2.028925134687187,193.13369696969698,256.297,"0,1",,0:65;1:61,10420.2890625,"0,1",,5097424896,505.1417224319914,37.584949585713645,5804.1171875,3142.78515625,432.111,66,2825.242424242424,5,8,1098.396240234375,1292.240625,3338.09765625,3077.09765625,350.157,61,2770.3030303030305,4,2,1042.2806640625,1244.14072265625
2026-09-29_00-15-40_sweep_qwen3.5-9b-q4_single0_dual_dual_tensor,2026-09-29T00:18:41,2,qwen3.5-9b-q4,Qwen3.5 9B (Q4_K_M),False,Qwen3.5-9B-Q4_K_M.gguf,llamacpp,dual_tensor,pp2048,1,on,on,0,on,off,128,8448,1024,2048,True,,,3.081793899880722,2048,0,128,100.49424175907653,1812.4006077913757,1.129993,2.5567065000068396,614.346,197.9010909090909,1.969277915281317,182.5940434782609,243.39999999999998,"0,1",,0:63;1:56,10918.50390625,"0,1",,5097424896,512.2618498473595,38.114720970785676,5797.4296875,3136.09765625,342.751,66,2822.4347826086955,5,8,978.7739955357143,1085.6676199776787,3338.09765625,3077.09765625,271.595,61,2771.304347826087,4,2,859.2273995535714,957.0585239955357
2026-09-29_00-15-40_sweep_qwen3.5-9b-q4_single0_dual_dual_tensor,2026-09-29T00:18:43,2,qwen3.5-9b-q4,Qwen3.5 9B (Q4_K_M),False,Qwen3.5-9B-Q4_K_M.gguf,llamacpp,dual_tensor,pp2048,2,on,on,0,on,off,128,8448,1024,2048,True,,,3.081793899880722,2048,0,128,100.46331783666879,1814.428605600985,1.12873,2.560071900021285,584.482,196.7659090909091,1.9585846190229064,204.9841739130435,253.848,"0,1",,0:66;1:55,11137.359375,"0,1",,5097424896,512.1042174753964,38.102992371681275,5754.3046875,3092.97265625,323.384,66,2822.521739130435,5,8,990.8304268973214,1092.3999720982142,3338.09765625,3077.09765625,261.098,61,2769.1304347826085,4,2,864.2772042410714,968.1941964285714
2026-09-29_00-15-40_sweep_qwen3.5-9b-q4_single0_dual_dual_tensor,2026-09-29T00:18:46,2,qwen3.5-9b-q4,Qwen3.5 9B (Q4_K_M),False,Qwen3.5-9B-Q4_K_M.gguf,llamacpp,dual_tensor,pp2048,3,on,on,0,on,off,128,8448,1024,2048,True,,,3.081793899880722,2048,0,128,100.9212440808101,1812.947704248742,1.129652,2.554493400035426,590.249,191.55581818181818,1.898072303076593,200.75673913043477,257.659,"0,1",,0:66;1:61,11355.78125,"0,1",,5097424896,514.438462112814,38.2766712881558,5714.6171875,3053.28515625,332.652,66,2819.608695652174,5,8,945.1415318080357,1064.1385323660713,3338.09765625,3077.09765625,257.597,61,2772.1739130434785,4,2,729.4888392857143,878.080078125
2026-09-29_00-15-40_sweep_qwen3.5-9b-q4_single0_dual_dual_tensor,2026-09-29T00:18:48,2,qwen3.5-9b-q4,Qwen3.5 9B (Q4_K_M),False,Qwen3.5-9B-Q4_K_M.gguf,llamacpp,dual_tensor,pp2048,4,on,on,0,on,off,128,8448,1024,2048,True,,,3.081793899880722,2048,0,128,100.45703998190191,1813.809930786501,1.129115,2.5580768000800163,578.691,196.4540909090909,1.955603021395848,207.36665217391305,268.68899999999996,"0,1",,0:66;1:62,11574.71875,"0,1",,5097424896,512.0722165822142,38.100611352843316,5714.2421875,3052.91015625,315.531,66,2818.521739130435,5,8,976.4427315848214,1060.770298549107,3338.09765625,3077.09765625,263.16,62,2771.8695652173915,4,2,775.2979910714286,898.4582170758929
2026-09-29_00-15-40_sweep_qwen3.5-9b-q4_single0_dual_dual_tensor,2026-09-29T00:18:51,2,qwen3.5-9b-q4,Qwen3.5 9B (Q4_K_M),False,Qwen3.5-9B-Q4_K_M.gguf,llamacpp,dual_tensor,pp2048,5,on,on,0,on,off,128,8448,1024,2048,True,,,3.081793899880722,2048,0,128,101.09790735292243,1808.3949082380864,1.1324960000000002,2.5614601001143456,566.521,196.4396363636364,1.9430633284810312,205.03065217391304,268.682,"0,1",,0:67;1:62,11793.53515625,"0,1",,5097424896,515.3389898742882,38.34367484183692,5716.1796875,3054.84765625,310.469,67,2819.2608695652175,5,8,992.4627511160714,1024.6396484375,3338.09765625,3077.09765625,256.052,62,2773.608695652174,4,2,673.5679408482143,846.9144810267857
2026-09-29_00-15-40_sweep_qwen3.5-9b-q4_single0_dual_dual_tensor,2026-09-29T00:19:18,3,qwen3.5-9b-q4,Qwen3.5 9B (Q4_K_M),False,Qwen3.5-9B-Q4_K_M.gguf,llamacpp,dual,pp8192,1,on,on,0,on,off,128,8448,1024,2048,True,,,3.083571899915114,8192,0,128,65.01641024433371,4114.992749033163,1.990769,4.066626500105485,949.9459999999999,208.31522222222222,3.204040663570429,229.25257894736842,316.124,"0,1",,0:68;1:56,6144.55078125,"0,1",,5097424896,331.41626822801607,49.31789705774048,5499.1171875,2868.59765625,502.647,71,2812.9210526315787,5,8,343.78932883522725,106.60400390625,3658.09765625,3397.09765625,447.299,64,2765.2105263157896,4,2,55.49729225852273,336.7438299005682
2026-09-29_00-15-40_sweep_qwen3.5-9b-q4_single0_dual_dual_tensor,2026-09-29T00:19:22,3,qwen3.5-9b-q4,Qwen3.5 9B (Q4_K_M),False,Qwen3.5-9B-Q4_K_M.gguf,llamacpp,dual,pp8192,2,on,on,0,on,off,128,8448,1024,2048,True,,,3.083571899915114,8192,0,128,65.08057949387806,4106.103066595358,1.995079,4.063538399990648,985.097,208.14616666666666,3.198283854959318,226.2125,310.352,"0,1",,0:59;1:54,6558.60546875,"0,1",,5097424896,331.74336615820107,49.3665723449704,5499.3046875,2868.78515625,535.941,71,2810.0,5,8,144.46764026988637,379.5582830255682,3658.09765625,3397.09765625,449.156,65,2764.2894736842104,4,2,51.02490234375,112.90327592329545
2026-09-29_00-15-40_sweep_qwen3.5-9b-q4_single0_dual_dual_tensor,2026-09-29T00:19:26,3,qwen3.5-9b-q4,Qwen3.5 9B (Q4_K_M),False,Qwen3.5-9B-Q4_K_M.gguf,llamacpp,dual,pp8192,3,on,on,0,on,off,128,8448,1024,2048,True,,,3.083571899915114,8192,0,128,65.211039869619,4110.079075874408,1.9931489999999998,4.061318200081587,995.307,217.57816666666668,3.3365234951272966,229.79865789473683,315.869,"0,1",,0:60;1:56,6972.38671875,"0,1",,5097424896,332.4083781254445,49.465532459143525,5499.1171875,2868.59765625,544.713,72,2811.1315789473683,5,8,314.8028675426136,223.75395063920453,3658.09765625,3397.09765625,450.594,67,2763.2894736842104,4,2,52.37890625,212.96311257102272
2026-09-29_00-15-40_sweep_qwen3.5-9b-q4_single0_dual_dual_tensor,2026-09-29T00:19:30,3,qwen3.5-9b-q4,Qwen3.5 9B (Q4_K_M),False,Qwen3.5-9B-Q4_K_M.gguf,llamacpp,dual,pp8192,4,on,on,0,on,off,128,8448,1024,2048,True,,,3.083571899915114,8192,0,128,65.34501654206521,4102.925738646836,1.996624,4.064617599826306,963.953,216.47147058823532,3.312746434900417,231.20075675675676,320.858,"0,1",,0:60;1:55,7383.6171875,"0,1",,5097424896,333.09131415105503,49.567159843907,5494.8046875,2864.28515625,517.663,73,2814.810810810811,5,8,226.9636896306818,165.8097478693182,3658.09765625,3397.09765625,446.29,67,2761.7837837837837,4,2,55.63525390625,315.79842862215907
2026-09-29_00-15-40_sweep_qwen3.5-9b-q4_single0_dual_dual_tensor,2026-09-29T00:19:34,3,qwen3.5-9b-q4,Qwen3.5 9B (Q4_K_M),False,Qwen3.5-9B-Q4_K_M.gguf,llamacpp,dual,pp8192,5,on,on,0,on,off,128,8448,1024,2048,True,,,3.083571899915114,8192,0,128,65.30315059420725,4093.6809297532945,2.001133,4.071432499913499,997.634,218.03482352941177,3.3388101729467343,232.41445945945944,316.959,"0,1",,0:62;1:57,7794.61328125,"0,1",,5097424896,332.87790562614924,49.535402622938875,5487.6171875,2857.09765625,542.398,72,2813.324324324324,5,8,331.48388671875,260.4513494318182,3658.09765625,3397.09765625,455.236,67,2764.0,4,2,52.76136363636363,109.53289240056819
2026-09-29_00-15-40_sweep_qwen3.5-9b-q4_single0_dual_dual_tensor,2026-09-29T00:19:40,3,qwen3.5-9b-q4,Qwen3.5 9B (Q4_K_M),False,Qwen3.5-9B-Q4_K_M.gguf,llamacpp,dual,pp2048,1,on,on,0,on,off,128,8448,1024,2048,True,,,3.083571899915114,2048,0,128,66.89012533208052,2709.2312291813837,0.755934,2.74718359997496,544.056,192.61176470588236,2.8795246495599813,192.62252,200.846,"0,1",,0:61;1:53,8420.88671875,"0,1",,5097424896,340.96739016430746,50.7391949649267,5535.6796875,2905.16015625,282.261,71,2825.72,5,8,136.081640625,389.25794270833336,3658.09765625,3397.09765625,261.795,59,2769.4,4,2,188.78489583333334,115.455078125
2026-09-29_00-15-40_sweep_qwen3.5-9b-q4_single0_dual_dual_tensor,2026-09-29T00:19:42,3,qwen3.5-9b-q4,Qwen3.5 9B (Q4_K_M),False,Qwen3.5-9B-Q4_K_M.gguf,llamacpp,dual,pp2048,2,on,on,0,on,off,128,8448,1024,2048,True,,,3.083571899915114,2048,0,128,67.33542585680354,2728.1749335606814,0.7506849999999999,2.7463578002061695,597.822,198.37023529411763,2.9460010502640106,195.09008000000003,206.929,"0,1",,0:61;1:56,8639.75,"0,1",,5097424896,343.2372761452325,51.07697561685007,5529.9296875,2899.41015625,320.76,62,2818.2,5,8,133.5115234375,570.015234375,3658.09765625,3397.09765625,277.062,63,2779.12,4,2,101.30696614583333,118.16360677083334
2026-09-29_00-15-40_sweep_qwen3.5-9b-q4_single0_dual_dual_tensor,2026-09-29T00:19:45,3,qwen3.5-9b-q4,Qwen3.5 9B (Q4_K_M),False,Qwen3.5-9B-Q4_K_M.gguf,llamacpp,dual,pp2048,3,on,on,0,on,off,128,8448,1024,2048,True,,,3.083571899915114,2048,0,128,66.94456568263426,2724.951534980634,0.7515729999999999,2.7413296999875456,551.275,193.0731176470588,2.8840745425456227,191.25056,205.848,"0,1",,0:61;1:56,8858.6015625,"0,1",,5097424896,341.2448957625671,50.78049044085821,5526.5546875,2896.03515625,290.787,72,2830.48,5,8,132.430859375,389.94557291666666,3658.09765625,3397.09765625,260.488,58,2772.0,4,2,190.283203125,121.2962890625
2026-09-29_00-15-40_sweep_qwen3.5-9b-q4_single0_dual_dual_tensor,2026-09-29T00:19:48,3,qwen3.5-9b-q4,Qwen3.5 9B (Q4_K_M),False,Qwen3.5-9B-Q4_K_M.gguf,llamacpp,dual,pp2048,4,on,on,0,on,off,128,8448,1024,2048,True,,,3.083571899915114,2048,0,128,66.47324870468763,2710.949030716588,0.755455,2.745805500075221,573.242,194.73617647058822,2.929542037816118,192.48092,206.465,"0,1",,0:60;1:57,9077.45703125,"0,1",,5097424896,338.84239286527446,50.42297512876108,5519.2421875,2888.72265625,298.812,62,2818.2,5,8,142.6837890625,557.3453125,3658.09765625,3397.09765625,274.43,63,2779.12,4,2,121.76139322916667,115.30559895833333
2026-09-29_00-15-40_sweep_qwen3.5-9b-q4_single0_dual_dual_tensor,2026-09-29T00:19:51,3,qwen3.5-9b-q4,Qwen3.5 9B (Q4_K_M),False,Qwen3.5-9B-Q4_K_M.gguf,llamacpp,dual,pp2048,5,on,on,0,on,off,128,8448,1024,2048,True,,,3.083571899915114,2048,0,128,66.46931734440946,2699.8737070795223,0.758554,2.7434616999235004,600.363,195.0860588235294,2.9349791244687355,194.01816000000002,201.143,"0,1",,0:61;1:56,9296.3046875,"0,1",,5097424896,338.8223530515174,50.41999301361866,5497.0859375,2866.56640625,334.818,72,2827.8,5,8,135.8357421875,395.8400390625,3658.09765625,3397.09765625,265.545,58,2770.4,4,2,44.879296875,115.19895833333334
2026-09-29_00-15-40_sweep_qwen3.5-9b-q4_single0_dual_dual_tensor,2026-09-29T00:19:55,3,qwen3.5-9b-q4,Qwen3.5 9B (Q4_K_M),False,Qwen3.5-9B-Q4_K_M.gguf,llamacpp,dual,pp4096,1,on,on,0,on,off,128,8448,1024,2048,True,,,3.083571899915114,4096,0,128,65.6488510158772,3476.941072809489,1.178047,3.183879900025204,686.942,209.58655555555555,3.1925395846587925,213.7362,244.24099999999999,"0,1",,0:62;1:58,9794.51171875,"0,1",,5097424896,334.6400875621273,49.797632077697514,5542.8984375,2912.37890625,354.716,72,2822.733333333333,5,8,143.9622012867647,269.67693014705884,3658.09765625,3397.09765625,332.226,67,2771.0333333333333,4,2,171.0548598345588,122.50453814338235
2026-09-29_00-15-40_sweep_qwen3.5-9b-q4_single0_dual_dual_tensor,2026-09-29T00:19:58,3,qwen3.5-9b-q4,Qwen3.5 9B (Q4_K_M),False,Qwen3.5-9B-Q4_K_M.gguf,llamacpp,dual,pp4096,2,on,on,0,on,off,128,8448,1024,2048,True,,,3.083571899915114,4096,0,128,65.65346652888056,3502.600013511006,1.169417,3.1877977000549436,714.325,208.468,3.175277879779527,207.52833333333334,239.01100000000002,"0,1",,0:61;1:56,10077.3671875,"0,1",,5097424896,334.66361479301844,49.80113315372298,5535.4609375,2904.94140625,382.72,71,2812.8333333333335,5,8,142.85862821691177,289.1569393382353,3658.09765625,3397.09765625,331.605,66,2770.0,4,2,171.77786075367646,260.0234949448529
2026-09-29_00-15-40_sweep_qwen3.5-9b-q4_single0_dual_dual_tensor,2026-09-29T00:20:01,3,qwen3.5-9b-q4,Qwen3.5 9B (Q4_K_M),False,Qwen3.5-9B-Q4_K_M.gguf,llamacpp,dual,pp4096,3,on,on,0,on,off,128,8448,1024,2048,True,,,3.083571899915114,4096,0,128,65.63758645943106,3489.2774571890527,1.173882,3.1767068000044674,688.9300000000001,210.58855555555556,3.2083531237961505,209.52736666666667,264.144,"0,1",,0:63;1:59,10360.28515625,"0,1",,5097424896,334.58266733165635,49.789087400544105,5519.5859375,2889.06640625,372.837,73,2816.3333333333335,5,8,142.50626148897058,385.88849954044116,3658.09765625,3397.09765625,316.093,65,2768.9333333333334,4,2,135.8299057904412,169.2195542279412
2026-09-29_00-15-40_sweep_qwen3.5-9b-q4_single0_dual_dual_tensor,2026-09-29T00:20:04,3,qwen3.5-9b-q4,Qwen3.5 9B (Q4_K_M),False,Qwen3.5-9B-Q4_K_M.gguf,llamacpp,dual,pp4096,4,on,on,0,on,off,128,8448,1024,2048,True,,,3.083571899915114,4096,0,128,65.24517802172511,3472.260487354139,1.179635,3.314912599977106,714.315,209.85864705882355,3.2164621727132934,209.54573333333335,251.97500000000002,"0,1",,0:61;1:58,10643.1875,"0,1",,5097424896,332.5823947918936,49.49142779641274,5534.8984375,2904.37890625,375.033,73,2816.8333333333335,5,8,146.08729383680554,256.85986328125,3658.09765625,3397.09765625,339.282,67,2773.3333333333335,4,2,162.38226996527777,123.35828993055556
2026-09-29_00-15-40_sweep_qwen3.5-9b-q4_single0_dual_dual_tensor,2026-09-29T00:20:08,3,qwen3.5-9b-q4,Qwen3.5 9B (Q4_K_M),False,Qwen3.5-9B-Q4_K_M.gguf,llamacpp,dual,pp4096,5,on,on,0,on,off,128,8448,1024,2048,True,,,3.083571899915114,4096,0,128,65.75588722295802,3498.6239542992244,1.170746,3.1725004001054913,686.28,210.23082352941177,3.197140703410838,206.30879310344827,259.939,"0,1",,0:63;1:55,10926.0546875,"0,1",,5097424896,335.1856965888745,49.87882389715394,5547.0859375,2916.56640625,369.301,72,2817.5172413793102,5,8,152.4991957720588,301.412109375,3658.09765625,3397.09765625,316.979,64,2768.7241379310344,4,2,110.61960018382354,161.88241038602942
2026-09-29_00-15-40_sweep_qwen3.5-9b-q4_single0_dual_dual_tensor,2026-09-29T00:20:11,3,qwen3.5-9b-q4,Qwen3.5 9B (Q4_K_M),False,Qwen3.5-9B-Q4_K_M.gguf,llamacpp,dual,pp512,1,on,on,0,on,off,128,8448,1024,2048,True,,,3.083571899915114,512,0,128,67.71906718318009,2441.513356794751,0.20970599999999998,2.193193200044334,475.63,189.0794705882353,2.7921156987702638,188.0411,195.61,"0,1",,0:60;1:61,11275.6953125,"0,1",,5097424896,345.19285899343873,51.36798496926171,5556.2734375,2925.75390625,259.057,62,2820.25,5,8,143.63614908854166,135.038818359375,3658.09765625,3397.09765625,216.573,62,2778.65,4,2,38.371988932291664,134.59423828125
2026-09-29_00-15-40_sweep_qwen3.5-9b-q4_single0_dual_dual_tensor,2026-09-29T00:20:14,3,qwen3.5-9b-q4,Qwen3.5 9B (Q4_K_M),False,Qwen3.5-9B-Q4_K_M.gguf,llamacpp,dual,pp512,2,on,on,0,on,off,128,8448,1024,2048,True,,,3.083571899915114,512,0,128,67.76571631030082,2464.92773717708,0.207714,2.1954427999444306,449.488,188.77470588235295,2.785696310180639,189.34480000000002,196.027,"0,1",,0:62;1:58,11396.15234375,"0,1",,5097424896,345.43064941540064,51.40337044872033,5533.2109375,2902.69140625,235.213,70,2829.0,5,8,140.29305013020834,225.14290364583334,3658.09765625,3397.09765625,214.275,58,2773.4,4,2,39.67529296875,136.58113606770834
2026-09-29_00-15-40_sweep_qwen3.5-9b-q4_single0_dual_dual_tensor,2026-09-29T00:20:16,3,qwen3.5-9b-q4,Qwen3.5 9B (Q4_K_M),False,Qwen3.5-9B-Q4_K_M.gguf,llamacpp,dual,pp512,3,on,on,0,on,off,128,8448,1024,2048,True,,,3.083571899915114,512,0,128,67.66606424333357,2448.155993439707,0.209137,2.2006353999022394,446.55600000000004,187.90170588235296,2.7768972229069013,188.97905,195.406,"0,1",,0:61;1:57,11516.6875,"0,1",,5097424896,344.9226804883039,51.32777983456903,5528.3359375,2897.81640625,232.673,63,2827.0,5,8,156.11735026041666,323.920654296875,3658.09765625,3397.09765625,213.883,59,2776.4,4,2,38.853678385416664,128.23518880208334
2026-09-29_00-15-40_sweep_qwen3.5-9b-q4_single0_dual_dual_tensor,2026-09-29T00:20:18,3,qwen3.5-9b-q4,Qwen3.5 9B (Q4_K_M),False,Qwen3.5-9B-Q4_K_M.gguf,llamacpp,dual,pp512,4,on,on,0,on,off,128,8448,1024,2048,True,,,3.083571899915114,512,0,128,67.59637406662448,2459.5873465760337,0.208165,2.188569499878213,447.82399999999996,186.42541176470587,2.757920292898564,187.20784999999998,195.406,"0,1",,0:63;1:59,11637.22265625,"0,1",,5097424896,344.56744004654036,51.274916673592315,5524.7734375,2894.25390625,239.694,63,2825.25,5,8,81.9208984375,193.85986328125,3658.09765625,3397.09765625,208.13,59,2776.4,4,2,38.690022786458336,123.59090169270833
2026-09-29_00-15-40_sweep_qwen3.5-9b-q4_single0_dual_dual_tensor,2026-09-29T00:20:20,3,qwen3.5-9b-q4,Qwen3.5 9B (Q4_K_M),False,Qwen3.5-9B-Q4_K_M.gguf,llamacpp,dual,pp512,5,on,on,0,on,off,128,8448,1024,2048,True,,,3.083571899915114,512,0,128,68.00983411491092,2452.0485620555064,0.20880500000000002,2.187192500103265,482.036,188.97764705882352,2.778681193950903,189.43855000000002,196.478,"0,1",,0:61;1:59,11757.76953125,"0,1",,5097424896,346.675021590177,51.58854487949063,5524.0234375,2893.50390625,276.334,61,2829.0,5,8,106.89290364583333,306.257568359375,3658.09765625,3397.09765625,205.702,59,2775.0,4,2,37.677327473958336,139.125244140625
