id,ollama_tag,backend,gpu_config,ok,error,load_time_s,decode_tok_per_s,prompt_tok_per_s,ttft_s,n_generated,peak_vram_mib,gguf_size_gb,bandwidth_gb_s,bandwidth_pct
qwen3.6-27b-q6,eval/qwen3.6-27b-q6,ollama,auto,True,,14.2116942,17.478212744797197,919.2569656888579,0.771307,256,"{0: 14385.79296875, 1: 12244.09765625}",22.523238624,393.6659563721053,58.58124350775377
qwen3.6-27b-q6,eval/qwen3.6-27b-q6,llamacpp,single0,False,"llama-server crashed (exit 3221225506).
",,,,,,,,,
qwen3.6-27b-q6,eval/qwen3.6-27b-q6,llamacpp,single1,True,,,5.026488974067377,9.892026414264581,0.40479350000000003,256,"{0: 2776.36328125, 1: 13864.09765625}",22.523238624,113.21281060382448,16.84714443509293
qwen3.6-27b-q6,eval/qwen3.6-27b-q6,llamacpp,dual,True,,,17.436058961453067,36.70463844518065,0.109047,256,"{0: 14125.1484375, 1: 12044.09765625}",22.523238624,392.71651665094106,29.21997891748073
gemma4-26b-moe-q4,eval/gemma4-26b-moe-q4,ollama,auto,chat,True,,7.4459853,77.69122137143894,7637.0372714455525,0.07005349999999999,256,"{0: 12813.9296875, 1: 9474.09765625}",16.947539744,1316.6750619523636,97.96689449050324
gemma4-26b-moe-q4,eval/gemma4-26b-moe-q4,llamacpp,single0,chat,False,"llama-server crashed (exit 3221225506).
",,,,,,,,,
gemma4-26b-moe-q4,eval/gemma4-26b-moe-q4,llamacpp,single1,chat,True,,,54.71640352506615,414.18607168479093,1.274801,256,"{0: 3505.89453125, 1: 14356.09765625}",16.947539744,927.3084233898003,68.99616245459823
gemma4-26b-moe-q4,eval/gemma4-26b-moe-q4,llamacpp,dual,chat,True,,,83.67770996192348,2768.1374782432054,0.1907425,256,"{0: 13351.2421875, 1: 9770.09765625}",16.947539744,1418.131315266603,105.51572286209843
gemma4-26b-moe-q4,eval/gemma4-26b-moe-q4,ollama,auto,rag,True,,7.6480606,74.29711116827855,66949.16993258592,0.029848,512,"{0: 12866.3984375, 1: 9486.09765625}",16.947539744,1259.153244388787,93.68699735035617
gemma4-26b-moe-q4,eval/gemma4-26b-moe-q4,llamacpp,single0,rag,True,,,53.836372629949686,44.04701090798605,0.023157999999999998,512,"{0: 15974.37109375, 1: 261.0}",16.947539744,912.3940648188661,135.77292631233126
gemma4-26b-moe-q4,eval/gemma4-26b-moe-q4,llamacpp,single1,rag,True,,,52.18119889485132,44.014816407052336,0.023197500000000003,512,"{0: 1940.2421875, 1: 14364.09765625}",16.947539744,884.3429421600616,65.79932605357601
gemma4-26b-moe-q4,eval/gemma4-26b-moe-q4,llamacpp,dual,rag,True,,,77.90949075430905,60.696357967914395,0.016978,512,"{0: 11860.59765625, 1: 9810.09765625}",16.947539744,1320.374190993453,98.2421273060605
gemma4-26b-moe-q4,eval/gemma4-26b-moe-q4,ollama,auto,longdoc,True,,7.6768562,73.94879164401863,129395.9972811614,0.030806,512,"{0: 11313.46484375, 1: 9486.09765625}",16.947539744,1253.2500854077807,93.24777421188844
gemma4-26b-moe-q4,eval/gemma4-26b-moe-q4,llamacpp,single0,longdoc,True,,,50.407895279064185,35.74361636515198,0.028385,512,"{0: 16100.17578125, 1: 261.0}",16.947539744,854.2898086533303,127.12645962103129
gemma4-26b-moe-q4,eval/gemma4-26b-moe-q4,llamacpp,single1,longdoc,True,,,49.17583190230432,40.6491987394791,0.0248265,512,"{0: 1897.73046875, 1: 14366.09765625}",16.947539744,833.4093656085655,62.00962541730398
gemma4-26b-moe-q4,eval/gemma4-26b-moe-q4,llamacpp,dual,longdoc,True,,,71.8837865198679,56.066473932771856,0.0183095,512,"{0: 11695.453125, 1: 9812.09765625}",16.947539744,1218.2533289946725,90.64384888353219
gemma4-26b-moe-q4,eval/gemma4-26b-moe-q4,ollama,auto,chat,True,,9.2570848,78.5926527847474,7558.821620210063,0.070787,256,"{0: 11477.41015625, 1: 9474.09765625}",16.947539744,1331.952106655899,99.10357936427819
gemma4-26b-moe-q4,eval/gemma4-26b-moe-q4,llamacpp,single0,chat,False,"llama-server crashed (exit 3221225506).
",,,,,,,,,
gemma4-26b-moe-q4,eval/gemma4-26b-moe-q4,llamacpp,single1,chat,True,,,55.5138567970417,385.16311794743024,1.3869829999999999,256,"{0: 2310.0, 1: 14356.09765625}",16.947539744,940.8232944105887,70.00173321507356
gemma4-26b-moe-q4,eval/gemma4-26b-moe-q4,llamacpp,dual,chat,True,,,84.68257621684356,2247.932799258061,0.24925550000000002,256,"{0: 12147.86328125, 1: 9770.09765625}",16.947539744,1435.1613260592653,106.782836760362
gemma4-26b-moe-q4,eval/gemma4-26b-moe-q4,ollama,auto,rag,True,,7.7059395,74.05229725059937,68282.73334858402,0.029261000000000002,512,"{0: 11657.91015625, 1: 9486.09765625}",16.947539744,1255.0042507890348,93.37829246942223
gemma4-26b-moe-q4,eval/gemma4-26b-moe-q4,llamacpp,single0,rag,True,,,55.19091909794167,700.3713160363897,0.746774,512,"{0: 16053.73828125, 1: 261.0}",16.947539744,935.3502949202551,139.18903198218084
gemma4-26b-moe-q4,eval/gemma4-26b-moe-q4,llamacpp,single1,rag,True,,,52.606699080998936,563.7230774937963,0.9284875000000001,512,"{0: 1996.765625, 1: 14364.09765625}",16.947539744,891.5541234758778,66.33587228243138
gemma4-26b-moe-q4,eval/gemma4-26b-moe-q4,llamacpp,dual,rag,True,,,79.01708417034658,1607.8535049669172,0.325621,512,"{0: 11871.76953125, 1: 9810.09765625}",16.947539744,1339.145174431942,99.6387778595195
gemma4-26b-moe-q4,eval/gemma4-26b-moe-q4,ollama,auto,longdoc,True,,7.6729748,74.13986879285413,131326.74255266733,0.0303545,512,"{0: 11532.7109375, 1: 9486.09765625}",16.947539744,1256.4883729818407,93.48871822781553
gemma4-26b-moe-q4,eval/gemma4-26b-moe-q4,llamacpp,single0,longdoc,True,,,50.758726784395094,813.8305266353212,1.2672005,512,"{0: 16023.9140625, 1: 261.0}",16.947539744,860.2355395333732,128.01124100199007
gemma4-26b-moe-q4,eval/gemma4-26b-moe-q4,llamacpp,single1,longdoc,True,,,49.98998672226511,585.5578470547136,1.7697715,512,"{0: 2270.1875, 1: 14366.09765625}",16.947539744,847.2072867776202,63.03625645666817
gemma4-26b-moe-q4,eval/gemma4-26b-moe-q4,llamacpp,dual,longdoc,True,,,73.25853465926285,2019.7715899731127,0.5098755,512,"{0: 11990.59765625, 1: 9812.09765625}",16.947539744,1241.5519277250587,92.37737557478115
qwen3.5-9b-q4,eval/qwen3.5-9b-q4,ollama,auto,chat,True,,3.8073747,65.49192756697265,16856.366888298147,0.0328255,256,"{0: 8345.96875, 1: 261.0}",5.680522464,372.028365754849,55.361363951614436
qwen3.6-27b-q6,eval/qwen3.6-27b-q6,ollama,auto,chat,True,,9.0345027,17.52465827570539,706.4615247807426,0.7630269999999999,256,"{0: 13669.6015625, 1: 12244.09765625}",22.523238624,394.7120601477689,29.368456856232804
qwen3.6-27b-q6,eval/qwen3.6-27b-q6,llamacpp,single0,chat,False,"llama-server crashed (exit 3221225506).
",,,,,,,,,
qwen3.6-27b-q6,eval/qwen3.6-27b-q6,llamacpp,single1,chat,True,,,5.015336155130866,66.78040449292378,2.383829,256,"{0: 2122.73828125, 1: 13762.09765625}",22.523238624,112.96161300158718,8.404881919760951
qwen3.6-27b-q6,eval/qwen3.6-27b-q6,llamacpp,dual,chat,True,,,17.772454799729942,344.4019493845233,0.46860950000000007,256,"{0: 13567.7265625, 1: 12234.09765625}",22.523238624,400.29324038857163,29.783723243197297
qwen3.6-27b-q6,eval/qwen3.6-27b-q6,ollama,auto,rag,True,,9.1691696,17.370520686423944,2572.0962457266196,0.7901355,512,"{0: 14125.80859375, 1: 12244.09765625}",22.523238624,391.2403824434548,29.110147503233243
qwen3.6-27b-q6,eval/qwen3.6-27b-q6,llamacpp,single0,rag,True,,,4.870636633687813,223.39746605071701,2.531833,512,"{0: 15936.37109375, 1: 261.0}",22.523238624,109.70251115134668,16.324778445140876
qwen3.6-27b-q6,eval/qwen3.6-27b-q6,llamacpp,single1,rag,True,,,4.802863890688594,149.596585092735,3.7241765000000004,512,"{0: 2169.3203125, 1: 13788.09765625}",22.523238624,108.17604948857226,8.04881320599496
qwen3.6-27b-q6,eval/qwen3.6-27b-q6,llamacpp,dual,rag,True,,,17.619912575624802,394.1195891908206,1.406649,512,"{0: 13784.23046875, 1: 12260.09765625}",22.523238624,396.8574954748159,29.528087460923803
qwen3.6-27b-q6,eval/qwen3.6-27b-q6,ollama,auto,longdoc,True,,9.1910241,17.341916547056474,5089.018222193941,0.793523,512,"{0: 13750.54296875, 1: 12244.09765625}",22.523238624,390.5961245868471,29.06221165080708
qwen3.6-27b-q6,eval/qwen3.6-27b-q6,llamacpp,single0,longdoc,True,,,4.71519823030911,507.8558398740889,6.057473,512,"{0: 15681.60546875, 1: 261.0}",22.523238624,106.20153490071459,15.80379983641586
qwen3.6-27b-q6,eval/qwen3.6-27b-q6,llamacpp,single1,longdoc,True,,,4.670700946877378,299.8183945549424,10.119837,512,"{0: 2152.5078125, 1: 13790.09765625}",22.523238624,105.19931196786195,7.827329759513538
qwen3.6-27b-q6,eval/qwen3.6-27b-q6,llamacpp,dual,longdoc,True,,,17.505729743960615,758.6457982848542,3.9995535,512,"{0: 13801.54296875, 1: 12262.09765625}",22.523238624,394.2857283104794,29.33673573738686
qwen3.6-27b-q4,eval/qwen3.6-27b-q4,ollama,auto,chat,True,,6.9619774,22.525636430152655,818.6756363471962,0.6583924999999999,256,"{0: 11395.28515625, 1: 9778.09765625}",16.817244384,378.8191327510105,28.18594737730733
qwen3.6-27b-q4,eval/qwen3.6-27b-q4,llamacpp,single0,chat,False,"llama-server crashed (exit 3221225506).
",,,,,,,,,
qwen3.6-27b-q4,eval/qwen3.6-27b-q4,llamacpp,single1,chat,True,,,9.863829113872274,124.82967889127919,1.285639,256,"{0: 2412.0625, 1: 13940.09765625}",16.817244384,165.88242477000418,12.342442319196739
qwen3.6-27b-q4,eval/qwen3.6-27b-q4,llamacpp,dual,chat,True,,,22.99182769887227,385.1044879504165,0.420805,256,"{0: 11326.49609375, 1: 9768.09765625}",16.817244384,386.6591852467553,28.76928461657406
qwen3.6-27b-q4,eval/qwen3.6-27b-q4,ollama,auto,rag,True,,6.9984881,22.416112769281696,2967.5283774103655,0.684991,512,"{0: 11430.84765625, 1: 9778.09765625}",16.817244384,376.97724658031325,28.048902275320923
qwen3.6-27b-q4,eval/qwen3.6-27b-q4,llamacpp,single0,rag,True,,,9.656899140348976,319.7000497061907,1.7544339999999998,512,"{0: 15976.00390625, 1: 261.0}",16.817244384,162.40243283488823,24.16702869566789
qwen3.6-27b-q4,eval/qwen3.6-27b-q4,llamacpp,single1,rag,True,,,9.625287238572689,236.17500005238276,2.3604214999999997,512,"{0: 2137.6015625, 1: 13966.09765625}",16.817244384,161.8708077572734,12.043958910511414
qwen3.6-27b-q4,eval/qwen3.6-27b-q4,llamacpp,dual,rag,True,,,22.774084553886482,450.4581841679369,1.2301149999999998,512,"{0: 10953.92578125, 1: 9794.09765625}",16.817244384,382.99734556458856,28.496826306889027
qwen3.6-27b-q4,eval/qwen3.6-27b-q4,ollama,auto,longdoc,True,,7.0235059,22.31323017691572,5727.5844409632555,0.705102,512,"{0: 10969.14453125, 1: 9778.09765625}",16.817244384,375.2470448816352,27.92016702988357
qwen3.6-27b-q4,eval/qwen3.6-27b-q4,llamacpp,single0,longdoc,True,,,9.425409130974895,658.919061534128,4.6416505,512,"{0: 15790.24609375, 1: 261.0}",16.817244384,158.50940877478985,23.58770963910563
qwen3.6-27b-q4,eval/qwen3.6-27b-q4,llamacpp,single1,longdoc,True,,,9.468195856213736,465.80963286612655,6.508432000000001,512,"{0: 2170.0859375, 1: 13968.09765625}",16.817244384,159.22896358952252,11.847393124220426
qwen3.6-27b-q4,eval/qwen3.6-27b-q4,llamacpp,dual,longdoc,True,,,22.528050969259585,873.3170999295504,3.4724424999999997,512,"{0: 11153.48828125, 1: 9796.09765625}",16.817244384,378.85973864524647,28.188968649199886
qwen3.6-27b-q4,eval/qwen3.6-27b-q4,llamacpp,dual,chat,3,False,"llama-server crashed (exit 1).
error: invalid argument: --draft-mtp
",,,,,,,,,
qwen3.6-27b-q4,eval/qwen3.6-27b-q4,llamacpp,dual,chat,3,False,"llama-server crashed (exit 1).
",,,,,,,,,
gemma4-12b-qat,eval/gemma4-12b-qat,ollama,auto,chat,0,True,,4.5301014,49.40725884474221,5875.002122365566,0.091064,256,"{0: 10375.61328125, 1: 261.0}",6.975877728,344.6589965765682,51.28854115722741
gemma4-12b-qat,eval/gemma4-12b-qat,llamacpp,dual,chat,0,True,,,49.507807901137596,1907.2616118617614,0.27883199999999997,256,"{0: 7130.56640625, 1: 5816.09765625}",6.975877728,345.3604144996482,25.696459412176203
gemma4-12b-qat,eval/gemma4-12b-qat,ollama,auto,rag,0,True,,3.3969789,46.82377781523361,44882.30443905674,0.0445165,512,"{0: 10330.39453125, 1: 261.0}",6.975877728,326.6369488021087,48.6066888098376
gemma4-12b-qat,eval/gemma4-12b-qat,llamacpp,dual,rag,0,True,,,46.404100746563714,1092.6912051116485,0.47885649999999996,512,"{0: 7217.39453125, 1: 5838.09765625}",6.975877728,323.709332885822,24.085515839718898
gemma4-12b-qat,eval/gemma4-12b-qat,ollama,auto,rag,0,True,,0.3461974,47.59491671051784,75696.71782149925,0.026395000000000002,512,"{0: 10313.1328125, 1: 261.0}",6.975877728,332.01631944691644,49.407190393886374
gemma4-12b-qat,eval/gemma4-12b-qat,llamacpp,dual,rag,0,True,,,46.43162844311256,1099.4244746533245,0.47584050000000006,512,"{0: 7221.1015625, 1: 5838.09765625}",6.975877728,323.9013627310802,24.099803774633944
qwen3.5-9b-q4,eval/qwen3.5-9b-q4,ollama,auto,rag,0,True,,3.5021627,66.94123621206629,5529.242224597232,0.3675015,512,"{0: 8420.2890625, 1: 261.0}",5.680522464,380.2611960705728,56.586487510501904
qwen3.5-9b-q4,eval/qwen3.5-9b-q4,llamacpp,dual,rag,0,True,,,67.32678668590133,1395.860728072991,0.3969995,512,"{0: 5258.2890625, 1: 3968.09765625}",5.680522464,382.4513241981986,28.456199717127873
qwen3.5-9b-q8,eval/qwen3.5-9b-q8,ollama,auto,rag,0,True,,5.0300738,43.00263373303792,4584.031560794188,0.4433255,512,"{0: 7060.484375, 1: 5772.09765625}",9.527502048,409.7076809609127,30.484202452448862
qwen3.5-9b-q8,eval/qwen3.5-9b-q8,llamacpp,dual,rag,0,True,,,43.89168457561003,1518.4914676728667,0.3670745,512,"{0: 6914.3515625, 1: 5582.09765625}",9.527502048,418.1781146842946,31.11444305686716
qwen3.6-27b-q4,eval/qwen3.6-27b-q4,ollama,auto,rag,0,True,,6.9965483,22.433115159370622,2998.0443644416546,0.6778525,512,"{0: 11237.5234375, 1: 9778.09765625}",16.817244384,377.26317992955086,28.07017707809158
qwen3.6-27b-q4,eval/qwen3.6-27b-q4,llamacpp,dual,rag,0,True,,,22.706885419197583,443.7804005575835,1.2487365,512,"{0: 11296.6484375, 1: 9794.09765625}",16.817244384,381.867241294132,28.412741167718153
qwen3.6-27b-q6,eval/qwen3.6-27b-q6,ollama,auto,rag,0,True,,9.1112053,17.40722029946142,2580.5620921493355,0.7874270000000001,512,"{0: 13853.59375, 1: 12244.09765625}",22.523238624,392.06697658530635,29.17165004354958
qwen3.6-27b-q6,eval/qwen3.6-27b-q6,llamacpp,dual,rag,0,False,"llama-server crashed (exit 3221225506).
",,,,,,,,,
gemma4-26b-moe-q4,eval/gemma4-26b-moe-q4,ollama,auto,rag,0,True,,7.7232591,74.75227242188441,66943.92277243876,0.029846499999999998,512,"{0: 11449.1953125, 1: 9486.09765625}",16.947539744,1266.8671078242012,94.26094552263402
gemma4-26b-moe-q4,eval/gemma4-26b-moe-q4,llamacpp,dual,rag,0,True,,,79.55729054723759,1386.5823824606455,0.376768,512,"{0: 11930.4140625, 1: 9810.09765625}",16.947539744,1348.3003434742645,100.31996603231134
qwen3.6-27b-q6,eval/qwen3.6-27b-q6,llamacpp,dual,chat,0,True,,,17.665953987120506,323.20611516647404,0.497664,256,"{0: 13937.3515625, 1: 12234.09765625}",22.523238624,397.8944971725194,29.605245325336266
gemma4-26b-moe-q4,eval/gemma4-26b-moe-q4,ollama,auto,rag,0,True,,8.3301209,74.1945397451253,66864.1141646544,0.0298815,512,"{0: 11620.2265625, 1: 9486.09765625}",16.947539744,1257.4149111182987,93.55765707725438
gemma4-26b-moe-q4,eval/gemma4-26b-moe-q4,llamacpp,single0,rag,0,True,,,54.80622360562771,663.409561505161,0.7897365,512,"{0: 15906.8203125, 1: 261.0}",16.947539744,928.8306527749265,138.21884713912598
gemma4-26b-moe-q4,eval/gemma4-26b-moe-q4,llamacpp,single1,rag,0,True,,,52.31537072611423,554.9620187403175,0.9443205,512,"{0: 2018.98828125, 1: 14364.09765625}",16.947539744,886.6168246029151,65.96851373533595
gemma4-26b-moe-q4,eval/gemma4-26b-moe-q4,llamacpp,dual,rag,0,True,,,79.00348799988745,1643.011712912423,0.31862549999999995,512,"{0: 11934.1171875, 1: 9810.09765625}",16.947539744,1338.9147527927198,99.62163339231547
gemma4-26b-moe-q4,eval/gemma4-26b-moe-q4,llamacpp,dual,rag,3,False,"llama-server crashed (exit 1).
",,,,,,,,,
qwen3.6-35b-a3b-q4,eval/qwen3.6-35b-a3b-q4,llamacpp,dual,rag,0,False,"llama-server crashed (exit 3221225506).
",,,,,,,,,
qwen3.6-35b-a3b-q4,eval/qwen3.6-35b-a3b-q4,llamacpp,dual,rag,3,False,"llama-server crashed (exit 1).
",,,,,,,,,
qwen3.6-35b-a3b-q4,eval/qwen3.6-35b-a3b-q4,llamacpp,dual,rag,0,True,,,101.30360700410121,1339.1095019108886,0.4144205,512,"{0: 13999.12890625, 1: 11208.09765625}",22.134528992,2242.3076262264526,166.83836504661105
qwen3.6-35b-a3b-q4,eval/qwen3.6-35b-a3b-q4,llamacpp,dual,rag,3,False,"llama-server crashed (exit 1).
",,,,,,,,,
qwen3.6-35b-a3b-q4,eval/qwen3.6-35b-a3b-q4,llamacpp,single1,rag,3,False,"llama-server crashed (exit 1).
",,,,,,,,,
qwen3.6-35b-a3b-q4,eval/qwen3.6-35b-a3b-q4,llamacpp,dual,rag,3,False,"llama-server crashed (exit 1).
",,,,,,,,,
qwen3.6-35b-a3b-q4,eval/qwen3.6-35b-a3b-q4,llamacpp,single0,rag,0,True,,,64.54508500057794,439.6977902968358,1.3178035,512,"{0: 16030.40625, 1: 261.0}",22.134528992,1428.6750552363967,212.60045464827334
qwen3.6-35b-a3b-q4,eval/qwen3.6-35b-a3b-q4,llamacpp,single1,rag,0,True,,,60.97002619475136,369.31802985831354,1.5336329999999998,512,"{0: 1996.70703125, 1: 14274.09765625}",22.134528992,1349.5428124507234,100.41241164067883
qwen3.6-35b-a3b-q4,eval/qwen3.6-35b-a3b-q4,llamacpp,dual,rag,0,True,,,98.39329275028697,1246.7492117269694,0.4467525,512,"{0: 14116.6015625, 1: 11208.09765625}",22.134528992,2177.8891909995705,162.04532671127757
qwen3.6-35b-a3b-q4,eval/qwen3.6-35b-a3b-q4,ollama,auto,rag,0,True,,8.6483844,95.7409637051736,4729.8046806053935,0.42962500000000003,512,"{0: 13849.015625, 1: 11248.09765625}",22.134528992,2119.181136854185,157.67716792069828
qwen3.6-35b-a3b-q4,eval/qwen3.6-35b-a3b-q4,llamacpp,single0,rag,0,False,"llama-server crashed (exit 3221225506).
",,,,,,,,,
qwen3.6-35b-a3b-q4,eval/qwen3.6-35b-a3b-q4,llamacpp,single1,rag,0,True,,,60.98426573282736,305.10666979761345,1.880053,512,"{0: 2338.91796875, 1: 14274.09765625}",22.134528992,1349.8579979190993,100.43586294040918
qwen3.6-35b-a3b-q4,eval/qwen3.6-35b-a3b-q4,llamacpp,dual,rag,0,True,,,101.62459309539807,1478.1604479884793,0.376539,512,"{0: 13807.703125, 1: 11208.09765625}",22.134528992,2249.4125021702916,167.3670016495753
gemma4-12b-qat,eval/gemma4-12b-qat,ollama,auto,chat,0,True,,6.2421728,49.36529488554989,5865.970876083958,0.09120400000000001,256,"{0: 10783.953125, 1: 261.0}",0.0,0.0,6.975877728,344.36626112825985,51.24497933456248
gemma4-12b-qat,eval/gemma4-12b-qat,llamacpp,single0,chat,0,True,,,51.21211732619055,1882.2159737074858,0.28298,256,"{0: 11838.546875, 1: 261.0}",0.0,0.0,6.975877728,357.2494686594956,53.162123312424946
gemma4-12b-qat,eval/gemma4-12b-qat,llamacpp,dual,chat,0,True,,,49.65205740610135,1926.2390220895986,0.276053,256,"{0: 7487.671875, 1: 5816.09765625}",0.0,0.0,6.975877728,346.36668140859985,25.771330461949393
qwen3.5-9b-q4,eval/qwen3.5-9b-q4,ollama,auto,chat,0,True,,3.7838652,65.66695506456406,16773.534412430712,0.0328,256,"{0: 8729.1484375, 1: 261.0}",0.0,0.0,5.680522464,373.02261338673475,55.50931746826409
qwen3.5-9b-q4,eval/qwen3.5-9b-q4,llamacpp,single0,chat,0,True,,,69.99880519394655,1197.5025473438966,0.133406,256,"{0: 8221.796875, 1: 261.0}",0.0,0.0,5.680522464,397.6297853573733,59.17109901151388
qwen3.5-9b-q4,eval/qwen3.5-9b-q4,llamacpp,dual,chat,0,True,,,67.84669365563113,1176.8432412793593,0.13808700000000002,256,"{0: 5516.734375, 1: 3950.09765625}",0.0,0.0,5.680522464,385.4046674189389,28.6759425162901
qwen3.5-9b-q8,eval/qwen3.5-9b-q8,ollama,auto,chat,0,True,,5.0229961,42.64151283602617,8677.585917407609,0.062115000000000004,256,"{0: 7282.0234375, 1: 5766.09765625}",0.0,0.0,9.527502048,406.2671008750577,30.228206910346557
qwen3.5-9b-q8,eval/qwen3.5-9b-q8,llamacpp,single0,chat,0,True,,,45.027849754655136,1307.2195192446688,0.124531,256,"{0: 11399.8984375, 1: 261.0}",0.0,0.0,9.527502048,429.00293075451316,63.839721838469224
qwen3.5-9b-q8,eval/qwen3.5-9b-q8,llamacpp,dual,chat,0,True,,,44.40865428001026,1218.1421391558988,0.1357725,256,"{0: 7083.8984375, 1: 5564.09765625}",0.0,0.0,9.527502048,423.10354460172175,31.480918497151915
qwen3.6-27b-q4,eval/qwen3.6-27b-q4,ollama,auto,chat,0,True,,8.239538,22.739130944306595,795.0786423333791,0.67796,256,"{0: 11287.7109375, 1: 9778.09765625}",0.0,0.0,16.817244384,382.40952217018065,28.45308944718606
qwen3.6-27b-q4,eval/qwen3.6-27b-q4,llamacpp,single0,chat,0,True,,,9.927393190520569,211.70067176862494,0.7842865,256,"{0: 16060.83984375, 1: 261.0}",0.0,0.0,16.817244384,166.95139738104186,24.84395794360742
qwen3.6-27b-q4,eval/qwen3.6-27b-q4,llamacpp,dual,chat,0,True,,,22.982814473257285,383.91004686003686,0.4202385,256,"{0: 11334.52734375, 1: 9768.09765625}",0.0,0.0,16.817244384,386.50760762889996,28.75800652000744
qwen3.6-27b-q6,eval/qwen3.6-27b-q6,ollama,auto,chat,0,True,,9.1284551,17.471303290429134,696.8523607020907,0.7737814999999999,256,"{0: 14108.26953125, 1: 12244.09765625}",0.0,0.0,22.523238624,393.5103330826118,29.279042640075282
qwen3.6-27b-q6,eval/qwen3.6-27b-q6,llamacpp,single0,chat,0,True,,,5.032995361722019,163.19962642531448,1.0551964999999999,256,"{0: 16040.5625, 1: 261.0}",0.0,0.0,22.523238624,113.35935552555024,16.868951715111642
qwen3.6-27b-q6,eval/qwen3.6-27b-q6,llamacpp,dual,chat,0,True,,,17.716484812645916,324.6298887688293,0.493481,256,"{0: 13989.375, 1: 12234.09765625}",0.0,0.0,22.523238624,399.03261501369593,29.689926712328568
gemma4-26b-moe-q4,eval/gemma4-26b-moe-q4,ollama,auto,chat,0,True,,8.1507678,78.60516933061032,7722.182132934522,0.06928100000000001,256,"{0: 11802.859375, 1: 9474.09765625}",0.0,0.0,16.947539744,1332.1642313143684,99.11936244898575
gemma4-26b-moe-q4,eval/gemma4-26b-moe-q4,llamacpp,single0,chat,0,True,,,59.108605745248894,840.9374615561761,0.7628725000000001,256,"{0: 16027.484375, 1: 261.0}",0.0,0.0,16.947539744,1001.7454450800324,149.0692626607191
gemma4-26b-moe-q4,eval/gemma4-26b-moe-q4,llamacpp,dual,chat,0,True,,,86.14007956941279,2282.0939435920727,0.24386449999999998,256,"{0: 11739.390625, 1: 9770.09765625}",0.0,0.0,16.947539744,1459.8624220539457,108.62071592663287
qwen3.6-35b-a3b-q4,eval/qwen3.6-35b-a3b-q4,ollama,auto,chat,0,True,,8.5908439,93.53831231065136,11214.96658041373,0.0480615,256,"{0: 13353.859375, 1: 11238.09765625}",0.0,0.0,22.134528992,2070.426485702863,154.04958971003444
qwen3.6-35b-a3b-q4,eval/qwen3.6-35b-a3b-q4,llamacpp,single0,chat,0,True,,,64.30837086437064,189.51887535441676,0.908471,256,"{0: 16053.234375, 1: 261.0}",0.0,0.0,22.134528992,1423.4354993257002,211.8207588282292
qwen3.6-35b-a3b-q4,eval/qwen3.6-35b-a3b-q4,llamacpp,dual,chat,0,True,,,102.30432273456024,892.403510729403,0.18068950000000003,256,"{0: 13368.0625, 1: 11182.09765625}",0.0,0.0,22.134528992,2264.4579975750485,168.48645815290539
qwen3.6-35b-a3b-q4,eval/qwen3.6-35b-a3b-q4,llamacpp,single0,rag,0,True,,,65.25476067803152,217.2357390681521,3.022796,512,"{0: 16039.4921875, 1: 261.0}",0.0,0.0,22.134528992,1444.38339209391,214.93800477587945
qwen3.6-35b-a3b-q4,eval/qwen3.6-35b-a3b-q4,llamacpp,single1,rag,0,True,,,61.45239541625349,366.25505726320273,1.5433484999999998,512,"{0: 1954.51953125, 1: 14274.09765625}",0.0,0.0,22.134528992,1360.2198279689107,101.20683243816299
qwen3.6-35b-a3b-q4,eval/qwen3.6-35b-a3b-q4,llamacpp,dual,rag,0,True,,,101.6509642158106,1497.5678003121025,0.371402,512,"{0: 13426.8046875, 1: 11208.09765625}",0.0,0.0,22.134528992,2249.9962144996143,167.4104326264594
qwen3.6-35b-a3b-q4,eval/qwen3.6-35b-a3b-q4,llamacpp,dual_21,rag,0,True,,,101.13685168902848,1407.6551855627815,0.395832,512,"{0: 16142.1640625, 1: 7622.09765625}",0.0,0.0,22.134528992,2238.616575870405,166.56373332369085
qwen3.6-35b-a3b-q4,eval/qwen3.6-35b-a3b-q4,llamacpp,dual_tensor,rag,0,True,,,118.43423040625663,1115.1694177167271,0.502442,512,"{0: 12522.5859375, 1: 11594.09765625}",0.0,0.0,22.134528992,2621.4859065724954,195.05103471521542
qwen3.6-27b-q4,eval/qwen3.6-27b-q4,llamacpp,single0,rag,0,True,,,9.852075894083526,329.38769414792336,1.70666,512,"{0: 15728.6953125, 1: 261.0}",0.0,0.0,16.817244384,165.68476800051795,24.655471428648504
qwen3.6-27b-q4,eval/qwen3.6-27b-q4,llamacpp,single1,rag,0,True,,,9.843292928779672,237.98821922726196,2.340745,512,"{0: 1678.51953125, 1: 13966.09765625}",0.0,0.0,16.817244384,165.53706272658684,12.31674573858533
qwen3.6-27b-q4,eval/qwen3.6-27b-q4,llamacpp,dual,rag,0,True,,,22.848023912761693,453.54249652629557,1.2218434999999999,512,"{0: 10578.5546875, 1: 9794.09765625}",0.0,0.0,16.817244384,384.24080183238925,28.589345374433723
qwen3.6-27b-q4,eval/qwen3.6-27b-q4,llamacpp,dual_21,rag,0,True,,,22.662123779292052,450.7912624072757,1.2300049999999998,512,"{0: 13440.3515625, 1: 7178.09765625}",0.0,0.0,16.817244384,381.1144738568121,28.35673168577471
qwen3.6-27b-q4,eval/qwen3.6-27b-q4,llamacpp,dual_tensor,rag,0,True,,,37.20675753637539,351.80736419251934,1.577411,512,"{0: 11088.8203125, 1: 9350.09765625}",0.0,0.0,16.817244384,625.7151342254587,46.55618558225139
gemma4-31b-q5,eval/gemma4-31b-q5,llamacpp,single0,rag,0,True,,,4.186916686299272,248.3993626313241,2.1523905,512,"{0: 16106.28515625, 1: 261.0}",0.0,0.0,21.890427904,91.65339786148878,13.638898491292975
gemma4-31b-q5,eval/gemma4-31b-q5,llamacpp,single1,rag,0,True,,,4.067492959677866,129.2809061933052,4.0530265,512,"{0: 2196.26953125, 1: 14382.09765625}",0.0,0.0,21.890427904,89.0391613838559,6.624937602965468
gemma4-31b-q5,eval/gemma4-31b-q5,llamacpp,dual,rag,0,True,,,16.51836918131018,385.6345058541398,1.354492,512,"{0: 16077.21484375, 1: 14994.09765625}",0.0,0.0,21.890427904,361.594169655126,26.90432809933973
gemma4-31b-q5,eval/gemma4-31b-q5,llamacpp,dual_tensor,rag,0,True,,,27.768320765092874,326.8538183964146,1.598803,512,"{0: 16037.5390625, 1: 15008.09765625}",0.0,0.0,21.890427904,607.8604237234116,45.22771009846813
gemma4-12b-qat,eval/gemma4-12b-qat,ollama,auto,chat,0,True,,0.3577402,49.364433478205214,9123.220520681713,0.058649,256,"{0: 11002.5859375, 1: 261.0}",0.0,0.0,6.975877728,344.36025205594933,51.24408512737342
gemma4-12b-qat,eval/gemma4-12b-qat,llamacpp,single0,chat,0,True,,,51.020887254664245,1881.8438655000652,0.282937,256,"{0: 12091.44921875, 1: 261.0}",0.0,0.0,6.975877728,355.9154710626114,52.96361176526956
gemma4-12b-qat,eval/gemma4-12b-qat,llamacpp,single1,chat,0,True,,,50.162915919303025,1854.2356247291784,0.286728,256,"{0: 2885.53515625, 1: 9648.09765625}",0.0,0.0,6.975877728,349.93036793300263,52.072971418601576
gemma4-12b-qat,eval/gemma4-12b-qat,llamacpp,dual,chat,0,True,,,49.70815664200347,1938.750067570847,0.27422650000000004,256,"{0: 7923.90625, 1: 5816.09765625}",0.0,0.0,6.975877728,346.7580228188873,51.600896252810614
gemma4-12b-qat,eval/gemma4-12b-qat,llamacpp,dual_tensor,chat,0,False,"llama-server crashed (exit 3221226505).
D:/a/llama.cpp/llama.cpp/ggml/src/ggml-backend-meta.cpp:541: GGML_ASSERT(src_ss[0].axis != GGML_BACKEND_SPLIT_AXIS_0) failed
",,,,,,,,,,,
gemma4-12b-qat,eval/gemma4-12b-qat,ollama,auto,rag,0,True,,3.3042817,47.57771005815318,44983.38407327923,0.0444165,512,"{0: 11087.8359375, 1: 261.0}",0.0,0.0,6.975877728,331.8962879439124,49.3893285630822
gemma4-12b-qat,eval/gemma4-12b-qat,llamacpp,single0,rag,0,True,,,48.282577102594416,1105.9883637619662,0.47257899999999997,512,"{0: 12229.8359375, 1: 261.0}",0.0,0.0,6.975877728,336.8133542604312,50.12103486018321
gemma4-12b-qat,eval/gemma4-12b-qat,llamacpp,single1,rag,0,True,,,46.957830590182525,1083.6087450515324,0.482693,512,"{0: 2693.93359375, 1: 9670.09765625}",0.0,0.0,6.975877728,327.5720845692514,48.745845918043365
gemma4-12b-qat,eval/gemma4-12b-qat,llamacpp,dual,rag,0,True,,,46.49777356410778,1099.9575386162355,0.4757915,512,"{0: 7806.390625, 1: 5838.09765625}",0.0,0.0,6.975877728,324.3627830074467,48.268271280870046
gemma4-12b-qat,eval/gemma4-12b-qat,llamacpp,dual_tensor,rag,0,False,"llama-server crashed (exit 3221226505).
D:/a/llama.cpp/llama.cpp/ggml/src/ggml-backend-meta.cpp:541: GGML_ASSERT(src_ss[0].axis != GGML_BACKEND_SPLIT_AXIS_0) failed
",,,,,,,,,,,
gemma4-12b-qat,eval/gemma4-12b-qat,ollama,auto,code,0,True,,3.2760451,50.721840618384846,2356.3666254724244,0.0704725,512,"{0: 10928.8125, 1: 261.0}",0.0,0.0,6.975877728,353.8293582929566,52.65317831740426
gemma4-12b-qat,eval/gemma4-12b-qat,llamacpp,single0,code,0,True,,,52.30588637666594,1229.3871360730357,0.12828,512,"{0: 12093.9765625, 1: 261.0}",0.0,0.0,6.975877728,364.87946781828254,54.29753985391109
gemma4-12b-qat,eval/gemma4-12b-qat,llamacpp,single1,code,0,True,,,50.752548109515956,1139.6972543178422,0.138326,512,"{0: 2713.00390625, 1: 9642.09765625}",0.0,0.0,6.975877728,354.0435699964209,52.6850550589912
gemma4-12b-qat,eval/gemma4-12b-qat,llamacpp,dual,code,0,True,,,50.331819391478206,1262.8995034775241,0.124969,512,"{0: 7809.6640625, 1: 5810.09765625}",0.0,0.0,6.975877728,351.10861790273134,52.2483062355255
gemma4-12b-qat,eval/gemma4-12b-qat,llamacpp,dual_tensor,code,0,False,"llama-server crashed (exit 3221226505).
D:/a/llama.cpp/llama.cpp/ggml/src/ggml-backend-meta.cpp:541: GGML_ASSERT(src_ss[0].axis != GGML_BACKEND_SPLIT_AXIS_0) failed
",,,,,,,,,,,
qwen3.5-9b-q4,eval/qwen3.5-9b-q4,ollama,auto,chat,0,True,,4.343905,67.18845063685512,19619.584353177066,0.0274745,256,"{0: 9049.8828125, 1: 261.0}",0.0,0.0,5.680522464,381.66550316401066,56.79546178035872
qwen3.5-9b-q4,eval/qwen3.5-9b-q4,llamacpp,single0,chat,0,True,,,70.27231435283127,1180.9045997796093,0.135271,256,"{0: 8575.4765625, 1: 261.0}",0.0,0.0,5.680522464,399.18346027852766,59.402300636685666
qwen3.5-9b-q4,eval/qwen3.5-9b-q4,llamacpp,single1,chat,0,True,,,68.70776497395002,1153.511202675397,0.1433335,256,"{0: 2712.81640625, 1: 6124.09765625}",0.0,0.0,5.680522464,390.29600238575546,58.07976225978504
qwen3.5-9b-q4,eval/qwen3.5-9b-q4,llamacpp,dual,chat,0,True,,,68.15531073621264,1183.4806847270174,0.137321,256,"{0: 5871.4765625, 1: 3950.09765625}",0.0,0.0,5.680522464,387.1577736779563,57.61276394017207
qwen3.5-9b-q4,eval/qwen3.5-9b-q4,llamacpp,dual_tensor,chat,0,True,,,103.84665352132025,771.339338786601,0.2072255,256,"{0: 5967.4765625, 1: 3516.09765625}",0.0,0.0,5.680522464,589.9032481390844,43.89161072463426
qwen3.5-9b-q4,eval/qwen3.5-9b-q4,ollama,auto,rag,0,True,,2.9028295,67.27305793942892,5346.411563829544,0.38057850000000004,512,"{0: 9055.7890625, 1: 261.0}",0.0,0.0,5.680522464,382.14611684689953,56.86698167364577
qwen3.5-9b-q4,eval/qwen3.5-9b-q4,llamacpp,single0,rag,0,True,,,68.41733537500345,1451.9655138858516,0.381869,512,"{0: 8710.625, 1: 261.0}",0.0,0.0,5.680522464,388.64621052472893,57.83425751856085
qwen3.5-9b-q4,eval/qwen3.5-9b-q4,llamacpp,single1,rag,0,True,,,67.75545557869017,1394.1808185684574,0.3984475,512,"{0: 2802.07421875, 1: 6142.09765625}",0.0,0.0,5.680522464,384.88638747330367,57.274760040670195
qwen3.5-9b-q4,eval/qwen3.5-9b-q4,llamacpp,dual,rag,0,True,,,66.63553944926797,1408.8522391527442,0.39340800000000004,512,"{0: 6224.3046875, 1: 3968.09765625}",0.0,0.0,5.680522464,378.52467874232485,56.32807719379834
qwen3.5-9b-q4,eval/qwen3.5-9b-q4,llamacpp,dual_tensor,rag,0,True,,,101.48778784734094,924.0807502946226,0.6001730000000001,512,"{0: 6078.52734375, 1: 3548.09765625}",0.0,0.0,5.680522464,576.5036586884864,42.89461746194095
qwen3.5-9b-q4,eval/qwen3.5-9b-q4,ollama,auto,code,0,True,,2.8529316,64.33391255529001,2654.357028968345,0.073405,512,"{0: 9527.921875, 1: 261.0}",0.0,0.0,5.680522464,365.45023546733654,54.38247551597269
qwen3.5-9b-q4,eval/qwen3.5-9b-q4,llamacpp,single0,code,0,True,,,68.39683187106678,796.6485286145744,0.066194,512,"{0: 8725.046875, 1: 261.0}",0.0,0.0,5.680522464,388.529739910026,57.81692558184911
qwen3.5-9b-q4,eval/qwen3.5-9b-q4,llamacpp,single1,code,0,True,,,68.73740160694004,670.4583306464901,0.0823845,512,"{0: 2977.24609375, 1: 6120.09765625}",0.0,0.0,5.680522464,390.4643539452126,58.104814575180455
qwen3.5-9b-q4,eval/qwen3.5-9b-q4,llamacpp,dual,code,0,True,,,67.59788769412214,701.1635628667377,0.07663,512,"{0: 6101.72265625, 1: 3946.09765625}",0.0,0.0,5.680522464,383.99131956541,57.141565411519345
qwen3.5-9b-q4,eval/qwen3.5-9b-q4,llamacpp,dual_tensor,code,0,True,,,102.60397878396893,488.245128340232,0.10905200000000001,512,"{0: 6078.26171875, 1: 3510.09765625}",0.0,0.0,5.680522464,582.8442063781149,43.36638440313355
qwen3.5-9b-q8,eval/qwen3.5-9b-q8,ollama,auto,chat,0,True,,5.3226156,42.41220453015373,8641.067963601421,0.0623835,256,"{0: 7783.4765625, 1: 5766.09765625}",0.0,0.0,9.527502048,404.0823655212346,60.131304393040864
qwen3.5-9b-q8,eval/qwen3.5-9b-q8,llamacpp,single0,chat,0,True,,,45.1025581740532,1330.0822653232635,0.1223705,256,"{0: 11899.28125, 1: 261.0}",0.0,0.0,9.527502048,429.71471537333105,63.94564216865045
qwen3.5-9b-q8,eval/qwen3.5-9b-q8,llamacpp,single1,chat,0,True,,,44.611696114440036,1192.0958810374502,0.141503,256,"{0: 2894.4921875, 1: 9308.09765625}",0.0,0.0,9.527502048,425.03802609508114,63.249706264148976
qwen3.5-9b-q8,eval/qwen3.5-9b-q8,llamacpp,dual,chat,0,True,,,44.00591680735012,1216.6718622535473,0.1367115,256,"{0: 7569.23046875, 1: 5564.09765625}",0.0,0.0,9.527502048,419.2664625061459,62.39084263484314
qwen3.5-9b-q8,eval/qwen3.5-9b-q8,llamacpp,dual_tensor,chat,0,True,,,72.93513741619108,803.045955173848,0.200374,256,"{0: 7662.18359375, 1: 5108.09765625}",0.0,0.0,9.527502048,694.889671103922,51.70310052856563
qwen3.5-9b-q8,eval/qwen3.5-9b-q8,ollama,auto,rag,0,True,,5.3322191,42.869967818216885,4684.650163997963,0.4337575,512,"{0: 7796.2265625, 1: 5772.09765625}",0.0,0.0,9.527502048,408.4437061857555,60.78031342049933
qwen3.5-9b-q8,eval/qwen3.5-9b-q8,llamacpp,single0,rag,0,True,,,44.25484321391612,1575.0017585480061,0.352102,512,"{0: 12053.62109375, 1: 261.0}",0.0,0.0,9.527502048,421.63810935450476,62.743766272991785
qwen3.5-9b-q8,eval/qwen3.5-9b-q8,llamacpp,single1,rag,0,True,,,44.30088432598754,1504.940484236481,0.37150299999999997,512,"{0: 3046.2890625, 1: 9326.09765625}",0.0,0.0,9.527502048,422.0767661440574,62.80904258096092
qwen3.5-9b-q8,eval/qwen3.5-9b-q8,llamacpp,dual,rag,0,True,,,43.739150046709014,1529.2029276046271,0.36362249999999996,512,"{0: 7635.390625, 1: 5582.09765625}",0.0,0.0,9.527502048,416.72484164779945,62.012625245208255
qwen3.5-9b-q8,eval/qwen3.5-9b-q8,llamacpp,dual_tensor,rag,0,True,,,72.45219097690403,962.5623171662245,0.5757439999999999,512,"{0: 7712.5234375, 1: 5140.09765625}",0.0,0.0,9.527502048,690.2883979145404,51.36074389245092
qwen3.5-9b-q8,eval/qwen3.5-9b-q8,ollama,auto,code,0,True,,4.5845388,42.95285420477239,2446.2574480064504,0.062143,512,"{0: 7710.2734375, 1: 5762.09765625}",0.0,0.0,9.527502048,409.2334064034144,60.89782833384143
qwen3.5-9b-q8,eval/qwen3.5-9b-q8,llamacpp,single0,code,0,True,,,44.8281312531859,781.7130337328905,0.0691005,512,"{0: 11842.8984375, 1: 261.0}",0.0,0.0,9.527502048,427.1001123227415,63.55656433374129
qwen3.5-9b-q8,eval/qwen3.5-9b-q8,llamacpp,single1,code,0,True,,,44.66628554401238,682.846010608013,0.083747,512,"{0: 2795.01953125, 1: 9304.09765625}",0.0,0.0,9.527502048,425.5581269971308,63.32710223171589
qwen3.5-9b-q8,eval/qwen3.5-9b-q8,llamacpp,dual,code,0,True,,,44.15555856657801,721.5846973069467,0.0773985,512,"{0: 7520.1171875, 1: 5560.09765625}",0.0,0.0,9.527502048,420.6921746736559,62.60300218357975
qwen3.5-9b-q8,eval/qwen3.5-9b-q8,llamacpp,dual_tensor,code,0,True,,,72.76673053003096,461.8738664163381,0.1138435,512,"{0: 7634.1171875, 1: 5102.09765625}",0.0,0.0,9.527502048,693.2851741511341,51.58371831481653
qwen3.6-27b-q4,eval/qwen3.6-27b-q4,ollama,auto,chat,0,True,,7.3612372,22.709022332188304,794.0552178416472,0.6787955,256,"{0: 11744.1171875, 1: 9778.09765625}",0.0,0.0,16.817244384,381.9031782821243,56.83083010150659
qwen3.6-27b-q4,eval/qwen3.6-27b-q4,llamacpp,single0,chat,0,True,,,9.98831893246678,237.5334050820667,0.7119815,256,"{0: 15845.4921875, 1: 261.0}",0.0,0.0,16.817244384,167.97600047262782,24.99642864176009
qwen3.6-27b-q4,eval/qwen3.6-27b-q4,llamacpp,single1,chat,0,True,,,9.959261863001574,126.29858055993655,1.2713465,256,"{0: 2159.64453125, 1: 13940.09765625}",0.0,0.0,16.817244384,167.48734063434858,24.92371140392092
qwen3.6-27b-q4,eval/qwen3.6-27b-q4,llamacpp,dual,chat,0,True,,,22.967826248515863,392.0434928919142,0.411589,256,"{0: 11118.7421875, 1: 9768.09765625}",0.0,0.0,16.817244384,386.2555469905411,57.47850401644957
qwen3.6-27b-q4,eval/qwen3.6-27b-q4,llamacpp,dual_tensor,chat,0,True,,,37.669010453615826,308.1307143292415,0.5197705,256,"{0: 11206.7421875, 1: 9308.09765625}",0.0,0.0,16.817244384,633.488954501908,47.134594829011014
qwen3.6-27b-q4,eval/qwen3.6-27b-q4,ollama,auto,rag,0,True,,7.1117088,22.52508142887892,2897.485794819224,0.7015,512,"{0: 11122.7421875, 1: 9778.09765625}",0.0,0.0,16.817244384,378.8097991589567,56.370505827225706
qwen3.6-27b-q4,eval/qwen3.6-27b-q4,llamacpp,single0,rag,0,True,,,9.824099346299956,339.100320802239,1.6589695000000002,512,"{0: 15842.3671875, 1: 261.0}",0.0,0.0,16.817244384,165.214279559421,24.585458267770978
qwen3.6-27b-q4,eval/qwen3.6-27b-q4,llamacpp,single1,rag,0,True,,,9.766850449517403,237.58151626166807,2.345792,512,"{0: 2128.51953125, 1: 13966.09765625}",0.0,0.0,16.817244384,164.2515108715144,24.442189117784878
qwen3.6-27b-q4,eval/qwen3.6-27b-q4,llamacpp,dual,rag,0,True,,,22.75455187394124,453.58130170481803,1.2217385,512,"{0: 11119.8046875, 1: 9794.09765625}",0.0,0.0,16.817244384,382.66885971247495,56.94477079054687
qwen3.6-27b-q4,eval/qwen3.6-27b-q4,llamacpp,dual_tensor,rag,0,True,,,37.33221773125953,351.03225652679015,1.580732,512,"{0: 11219.6171875, 1: 9350.09765625}",0.0,0.0,16.817244384,627.8250289832896,46.713171799351905
qwen3.6-27b-q4,eval/qwen3.6-27b-q4,ollama,auto,code,0,True,,7.141498,22.6142035266465,1149.8970533955894,0.13218599949999998,512,"{0: 11080.3671875, 1: 9772.09765625}",0.0,0.0,16.817244384,380.3085872571288,56.593539770406075
qwen3.6-27b-q4,eval/qwen3.6-27b-q4,llamacpp,single0,code,0,True,,,9.970941321155681,108.7505662615482,0.501692,512,"{0: 15830.7421875, 1: 261.0}",0.0,0.0,16.817244384,167.6837569363989,24.952940020297458
qwen3.6-27b-q4,eval/qwen3.6-27b-q4,llamacpp,single1,code,0,True,,,9.975747699134082,49.912173797122506,1.028539,512,"{0: 2357.71484375, 1: 13966.09765625}",0.0,0.0,16.817244384,167.76458696946355,24.964968299027316
qwen3.6-27b-q4,eval/qwen3.6-27b-q4,llamacpp,dual,code,0,True,,,22.96350836755181,263.8919448357874,0.204927,512,"{0: 11272.16796875, 1: 9762.09765625}",0.0,0.0,16.817244384,386.18293213114765,57.467698233801734
qwen3.6-27b-q4,eval/qwen3.6-27b-q4,llamacpp,dual_tensor,code,0,True,,,37.80423459491776,198.46382212006455,0.264971,512,"{0: 11327.91796875, 1: 9300.09765625}",0.0,0.0,16.817244384,635.7630519327992,47.3037985069047
qwen3.6-27b-q6,eval/qwen3.6-27b-q6,ollama,auto,chat,0,True,,8.8464851,17.656903400529103,682.2815867675381,0.790031,256,"{0: 13907.26171875, 1: 12244.09765625}",0.0,0.0,22.523238624,397.69064865103405,59.18015604926102
qwen3.6-27b-q6,eval/qwen3.6-27b-q6,llamacpp,single0,chat,0,True,,,5.03621365003948,128.50410161869894,1.2891190000000001,256,"{0: 15718.44921875, 1: 261.0}",0.0,0.0,22.523238624,113.43184180128524,16.879738363286496
qwen3.6-27b-q6,eval/qwen3.6-27b-q6,llamacpp,single1,chat,0,True,,,5.032987640755467,68.5324953609524,2.320241,256,"{0: 2218.6953125, 1: 13762.09765625}",0.0,0.0,22.523238624,113.35918162437817,16.868925836961036
qwen3.6-27b-q6,eval/qwen3.6-27b-q6,llamacpp,dual,chat,0,True,,,17.786049589377974,344.47802413543104,0.46832399999999996,256,"{0: 13838.44921875, 1: 12234.09765625}",0.0,0.0,22.523238624,400.59943907985735,59.613011767835914
qwen3.6-27b-q6,eval/qwen3.6-27b-q6,llamacpp,dual_tensor,chat,0,True,,,30.363121906966672,293.4289733554388,0.544965,256,"{0: 13840.63671875, 1: 11872.09765625}",0.0,0.0,22.523238624,683.8758400802124,50.883619053587225
qwen3.6-27b-q6,eval/qwen3.6-27b-q6,ollama,auto,rag,0,True,,8.9162737,17.538353073416232,2616.183903730779,0.7767740000000001,512,"{0: 13832.63671875, 1: 12244.09765625}",0.0,0.0,22.523238624,395.0205113445176,58.78281418817226
qwen3.6-27b-q6,eval/qwen3.6-27b-q6,llamacpp,single0,rag,0,True,,,5.009869512513671,239.5231754831709,2.366078,512,"{0: 15750.16796875, 1: 261.0}",0.0,0.0,22.523238624,112.83848650544796,16.79144144426309
qwen3.6-27b-q6,eval/qwen3.6-27b-q6,llamacpp,single1,rag,0,True,,,5.011585996825526,153.5136964764967,3.621787,512,"{0: 2226.4453125, 1: 13788.09765625}",0.0,0.0,22.523238624,112.87714729119824,16.79719453738069
qwen3.6-27b-q6,eval/qwen3.6-27b-q6,llamacpp,dual,rag,0,True,,,17.665784998171624,396.84617487666446,1.3971855000000002,512,"{0: 13872.19921875, 1: 12260.09765625}",0.0,0.0,22.523238624,397.8906909940989,59.20992425507424
qwen3.6-27b-q6,eval/qwen3.6-27b-q6,llamacpp,dual_tensor,rag,0,True,,,30.23614954355577,333.99048352523585,1.6629455000000002,512,"{0: 13878.19921875, 1: 11914.09765625}",0.0,0.0,22.523238624,681.0160112404553,50.67083416967674
qwen3.6-27b-q6,eval/qwen3.6-27b-q6,ollama,auto,code,0,True,,8.9181023,17.600402153961326,978.1940568831911,0.15538849999999998,512,"{0: 13843.69921875, 1: 12238.09765625}",0.0,0.0,22.523238624,396.41805759203453,58.99078237976705
qwen3.6-27b-q6,eval/qwen3.6-27b-q6,llamacpp,single0,code,0,True,,,5.088591923401923,47.428287769704774,1.093988,512,"{0: 15701.85546875, 1: 261.0}",0.0,0.0,22.523238624,114.61157015094065,17.05529317722331
qwen3.6-27b-q6,eval/qwen3.6-27b-q6,llamacpp,single1,code,0,True,,,5.017689485972667,25.805355786803712,2.018653,512,"{0: 2206.0390625, 1: 13788.09765625}",0.0,0.0,22.523238624,113.0146176336983,16.817651433586057
qwen3.6-27b-q6,eval/qwen3.6-27b-q6,llamacpp,dual,code,0,True,,,17.770939976713205,237.58091661174115,0.2259155,512,"{0: 13572.19140625, 1: 12228.09765625}",0.0,0.0,22.523238624,400.25912166829255,59.56236929587687
qwen3.6-27b-q6,eval/qwen3.6-27b-q6,llamacpp,dual_tensor,code,0,True,,,30.499895707320835,202.51291647648804,0.260241,512,"{0: 13563.97265625, 1: 11864.09765625}",0.0,0.0,22.523238624,686.9564290231004,51.11282954040925
gemma4-26b-moe-q4,eval/gemma4-26b-moe-q4,ollama,auto,chat,0,True,,7.7998627,79.13811328193222,7643.966013297635,0.06999,256,"{0: 11270.72265625, 1: 9474.09765625}",0.0,0.0,16.947539744,1341.1963201107205,199.58278573076197
gemma4-26b-moe-q4,eval/gemma4-26b-moe-q4,llamacpp,single0,chat,0,True,,,59.36167869739596,807.2689889190976,0.7643485,256,"{0: 15723.25390625, 1: 261.0}",0.0,0.0,16.947539744,1006.0344089946761,149.70750133849347
gemma4-26b-moe-q4,eval/gemma4-26b-moe-q4,llamacpp,single1,chat,0,True,,,56.00828574648365,394.6535087767236,1.349294,256,"{0: 1645.03125, 1: 14356.09765625}",0.0,0.0,16.947539744,949.2026486818404,141.2503941490834
gemma4-26b-moe-q4,eval/gemma4-26b-moe-q4,llamacpp,dual,chat,0,True,,,86.25993721546692,2287.079049027513,0.24392,256,"{0: 11444.12890625, 1: 9770.09765625}",0.0,0.0,16.947539744,1461.8937142740704,217.54370748126047
gemma4-26b-moe-q4,eval/gemma4-26b-moe-q4,llamacpp,dual_tensor,chat,0,True,,,96.71250526746726,1391.2879893042673,0.387208,256,"{0: 11426.12890625, 1: 10312.09765625}",0.0,0.0,16.947539744,1639.0390267622108,121.95230853885496
gemma4-26b-moe-q4,eval/gemma4-26b-moe-q4,ollama,auto,rag,0,True,,7.8271322,76.09769342029524,67714.06049141096,0.029507,512,"{0: 10968.12890625, 1: 9486.09765625}",0.0,0.0,16.947539744,1289.6686836671809,191.91498268856856
gemma4-26b-moe-q4,eval/gemma4-26b-moe-q4,llamacpp,single0,rag,0,True,,,56.47186774108937,713.5069251949258,0.7321705000000001,512,"{0: 15686.31640625, 1: 261.0}",0.0,0.0,16.947539744,957.0592229600236,142.41952722619396
gemma4-26b-moe-q4,eval/gemma4-26b-moe-q4,llamacpp,single1,rag,0,True,,,53.62934764260565,550.8984436918561,0.9520795,512,"{0: 1647.21875, 1: 14364.09765625}",0.0,0.0,16.947539744,908.885500617852,135.2508185443232
gemma4-26b-moe-q4,eval/gemma4-26b-moe-q4,llamacpp,dual,rag,0,True,,,80.11806403133828,1662.8006989259984,0.31483,512,"{0: 11486.31640625, 1: 9810.09765625}",0.0,0.0,16.947539744,1357.8040743834424,202.05417773563133
gemma4-26b-moe-q4,eval/gemma4-26b-moe-q4,llamacpp,dual_tensor,rag,0,True,,,92.78041541399264,901.0694861675877,0.5794805,512,"{0: 11594.31640625, 1: 10478.09765625}",0.0,0.0,16.947539744,1572.3997776934705,116.99403107838322
gemma4-26b-moe-q4,eval/gemma4-26b-moe-q4,ollama,auto,code,0,True,,7.7962119,82.98296574883486,2871.054965398531,0.056077,512,"{0: 10949.66015625, 1: 9464.09765625}",0.0,0.0,16.947539744,1406.3571101033695,209.27933186062043
gemma4-26b-moe-q4,eval/gemma4-26b-moe-q4,llamacpp,single0,code,0,True,,,59.82417354130233,379.60529206467515,0.5050764999999999,512,"{0: 15670.41015625, 1: 261.0}",0.0,0.0,16.947539744,1013.8725587431744,150.87389267011525
gemma4-26b-moe-q4,eval/gemma4-26b-moe-q4,llamacpp,single1,code,0,True,,,56.17514441425982,160.14477149048184,0.9869285,512,"{0: 1647.21875, 1: 14348.09765625}",0.0,0.0,16.947539744,952.0304925856079,141.6712042538107
gemma4-26b-moe-q4,eval/gemma4-26b-moe-q4,llamacpp,dual,code,0,True,,,87.1846221392882,1151.826556105193,0.149617,512,"{0: 11438.31640625, 1: 9762.09765625}",0.0,0.0,16.947539744,1477.564848771209,219.8757215433347
gemma4-26b-moe-q4,eval/gemma4-26b-moe-q4,llamacpp,dual_tensor,code,0,True,,,97.29494833989284,790.6513092059504,0.2092505,512,"{0: 11388.31640625, 1: 10272.09765625}",0.0,0.0,16.947539744,1648.9100038807608,122.68675624112804
qwen3.6-35b-a3b-q4,eval/qwen3.6-35b-a3b-q4,ollama,auto,chat,0,True,,8.9271078,94.49733565952141,11221.87182111359,0.048031500000000005,256,"{0: 13138.31640625, 1: 11238.09765625}",0.0,0.0,22.134528992,2091.654015822432,311.25803806881424
qwen3.6-35b-a3b-q4,eval/qwen3.6-35b-a3b-q4,llamacpp,single0,chat,0,True,,,66.98935992038002,204.56770091300766,0.8549134999999999,256,"{0: 15636.50390625, 1: 261.0}",0.0,0.0,22.134528992,1482.7779293131744,220.65147757636524
qwen3.6-35b-a3b-q4,eval/qwen3.6-35b-a3b-q4,llamacpp,single1,chat,0,True,,,62.261359622343306,146.10663220194326,1.190596,256,"{0: 1649.40625, 1: 14248.09765625}",0.0,0.0,22.134528992,1378.1258696420962,205.0782544110262
qwen3.6-35b-a3b-q4,eval/qwen3.6-35b-a3b-q4,llamacpp,dual,chat,0,True,,,103.31638336223529,929.9730283117375,0.1736665,256,"{0: 13096.50390625, 1: 11182.09765625}",0.0,0.0,22.134528992,2286.8594828799833,340.30647066666415
qwen3.6-35b-a3b-q4,eval/qwen3.6-35b-a3b-q4,llamacpp,dual_tensor,chat,0,True,,,120.0065311388498,753.8527831359849,0.22230250000000001,256,"{0: 12862.50390625, 1: 11474.09765625}",0.0,0.0,22.134528992,2656.2880427222217,197.64047936921293
qwen3.6-35b-a3b-q4,eval/qwen3.6-35b-a3b-q4,ollama,auto,rag,0,True,,8.6258774,96.76452510731045,4644.2379407794615,0.437545,512,"{0: 13150.50390625, 1: 11248.09765625}",0.0,0.0,22.134528992,2141.837186384875,318.72577178346353
qwen3.6-35b-a3b-q4,eval/qwen3.6-35b-a3b-q4,llamacpp,single0,rag,0,True,,,67.02428775453433,474.4893146411298,1.198796,512,"{0: 15663.84765625, 1: 261.0}",0.0,0.0,22.134528992,1483.5510404708907,220.76652387959683
qwen3.6-35b-a3b-q4,eval/qwen3.6-35b-a3b-q4,llamacpp,single1,rag,0,True,,,61.99156270517375,364.8993495363813,1.5474274999999997,512,"{0: 1654.21875, 1: 14274.09765625}",0.0,0.0,22.134528992,1372.1540419570542,204.1895895769426
qwen3.6-35b-a3b-q4,eval/qwen3.6-35b-a3b-q4,llamacpp,dual,rag,0,True,,,101.94827239428909,1503.3114077854582,0.3700805,512,"{0: 13129.50390625, 1: 11208.09765625}",0.0,0.0,22.134528992,2256.5769909957053,335.800147469599
qwen3.6-35b-a3b-q4,eval/qwen3.6-35b-a3b-q4,llamacpp,dual_tensor,rag,0,True,,,120.2766554036191,1113.8139111686419,0.5020605,512,"{0: 12984.69140625, 1: 11594.09765625}",0.0,0.0,22.134528992,2662.2671160922005,198.0853508997173
qwen3.6-35b-a3b-q4,eval/qwen3.6-35b-a3b-q4,ollama,auto,code,0,True,,8.6390659,96.42690833026285,3187.8219517578045,0.0476815,512,"{0: 13138.69140625, 1: 11234.09765625}",0.0,0.0,22.134528992,2134.3641980451293,317.6137199471919
qwen3.6-35b-a3b-q4,eval/qwen3.6-35b-a3b-q4,llamacpp,single0,code,0,True,,,66.98451047316671,108.83275556444008,0.6339785,512,"{0: 15634.69140625, 1: 261.0}",0.0,0.0,22.134528992,1482.670589083236,220.6355043278625
qwen3.6-35b-a3b-q4,eval/qwen3.6-35b-a3b-q4,llamacpp,single1,code,0,True,,,62.15843046328259,73.21038658017324,0.9389765,512,"{0: 1651.59375, 1: 14244.09765625}",0.0,0.0,22.134528992,1375.8475811867445,204.7392233908846
qwen3.6-35b-a3b-q4,eval/qwen3.6-35b-a3b-q4,llamacpp,dual,code,0,True,,,103.05464880832707,460.1991130576339,0.11232,512,"{0: 13096.87890625, 1: 11178.09765625}",0.0,0.0,22.134528992,2281.066111808294,339.4443618762342
qwen3.6-35b-a3b-q4,eval/qwen3.6-35b-a3b-q4,llamacpp,dual_tensor,code,0,True,,,119.33645737145355,369.9553535526024,0.144344,512,"{0: 12857.44140625, 1: 11446.09765625}",0.0,0.0,22.134528992,2641.4562754910107,196.53692525974782
gemma4-31b-q5,eval/gemma4-31b-q5,ollama,auto,chat,0,True,,9.5521336,17.480828317893945,729.8576532027464,0.73302,256,"{0: 14061.44140625, 1: 13486.09765625}",0.0,0.0,21.890427904,382.662811995059,56.943870832598066
gemma4-31b-q5,eval/gemma4-31b-q5,llamacpp,single0,chat,0,True,,,4.449580155233241,273.6364988489974,1.9541935,256,"{0: 15671.56640625, 1: 261.0}",0.0,0.0,21.890427904,97.40321359120237,14.494525832024163
gemma4-31b-q5,eval/gemma4-31b-q5,llamacpp,single1,chat,0,True,,,4.410922032712605,105.30248714318235,5.0519145000000005,256,"{0: 1493.375, 1: 14350.09765625}",0.0,0.0,21.890427904,96.55697074726041,14.36859683738994
gemma4-31b-q5,eval/gemma4-31b-q5,llamacpp,dual,chat,0,True,,,17.58452982647329,660.2301302340449,0.8075669999999999,256,"{0: 15502.47265625, 1: 14962.09765625}",0.0,0.0,21.890427904,384.93288239215116,57.28167892740345
gemma4-31b-q5,eval/gemma4-31b-q5,llamacpp,dual_tensor,chat,0,True,,,29.235359930433173,530.9368392264447,1.0048565,256,"{0: 15942.46484375, 1: 14962.09765625}",0.0,0.0,21.890427904,639.9745388046379,47.61715318486889
gemma4-31b-q5,eval/gemma4-31b-q5,ollama,auto,rag,0,True,,9.3156306,16.932285869630235,2157.116629161979,0.926241,512,"{0: 13752.71484375, 1: 13486.09765625}",0.0,0.0,21.890427904,370.6549830790586,55.15699152962181
gemma4-31b-q5,eval/gemma4-31b-q5,llamacpp,single0,rag,0,True,,,4.2740477013346485,246.06385035529414,2.1741215,512,"{0: 15493.2890625, 1: 261.0}",0.0,0.0,21.890427904,93.56073306432305,13.922728134571882
gemma4-31b-q5,eval/gemma4-31b-q5,llamacpp,single1,rag,0,True,,,4.248633660033748,130.69887737081183,4.000527,512,"{0: 1393.96875, 1: 14382.09765625}",0.0,0.0,21.890427904,93.00440882547642,13.839941789505419
gemma4-31b-q5,eval/gemma4-31b-q5,llamacpp,dual,rag,0,True,,,16.564604170437665,387.6005930262762,1.347488,512,"{0: 15474.44921875, 1: 14994.09765625}",0.0,0.0,21.890427904,362.60627335126344,53.95926686774754
gemma4-31b-q5,eval/gemma4-31b-q5,llamacpp,dual_tensor,rag,0,True,,,27.83133555925628,318.2962418687396,1.6433685,512,"{0: 15948.07421875, 1: 15008.09765625}",0.0,0.0,21.890427904,609.2398445319311,45.33034557529249
gemma4-31b-q5,eval/gemma4-31b-q5,ollama,auto,code,0,True,,9.287134,17.60308462096085,820.8701654597802,0.1967685,512,"{0: 13696.01171875, 1: 13480.09765625}",0.0,0.0,21.890427904,385.3390547831546,57.34212124749325
gemma4-31b-q5,eval/gemma4-31b-q5,llamacpp,single0,code,0,True,,,4.487306461524091,96.21938646265339,1.778905,512,"{0: 15355.81640625, 1: 261.0}",0.0,0.0,21.890427904,98.22905857914647,14.617419431420606
gemma4-31b-q5,eval/gemma4-31b-q5,llamacpp,single1,code,0,True,,,4.415717999295529,35.86540767525777,4.394396499999999,512,"{0: 1314.1015625, 1: 14342.09765625}",0.0,0.0,21.890427904,96.6619565079739,14.384219718448495
gemma4-31b-q5,eval/gemma4-31b-q5,llamacpp,dual,code,0,True,,,17.73582585295133,436.3744345549592,0.366572,512,"{0: 15317.57421875, 1: 14954.09765625}",0.0,0.0,21.890427904,388.24481715193036,57.774526361894395
gemma4-31b-q5,eval/gemma4-31b-q5,llamacpp,dual_tensor,code,0,True,,,29.47994984296212,339.3316846595509,0.472498,512,"{0: 15894.765625, 1: 14952.09765625}",0.0,0.0,21.890427904,645.3287166508984,48.01552951271565
